-0.459531011935788,-0.4597808978267483,-0.45895874875857007,-0.4544601597630571,0.06951887256148237,-0.5162670115321011,0.5501669871254261,-0.5297232262933389,-0.11462653639740772,-0.015077052377165482,-0.011956741904248959,0.041680314690855674,-0.4529411201194355,-0.4444302383437759,-0.4517357616335767,-0.44061494484424424,0.002198981054253202,-0.512565544162745,0.2529542498843737,-0.589649287683501,-0.062268815893370195,0.09447210030951621,-0.04713956506425698,0.048737899162141,-0.4391305320691827,-0.4406016583267655,-0.43740690228806184,-0.44156698152666385,0.059509047161073414,-0.5183579263368127,0.17563802459756905,-0.6240306942985328,0.015521946441714143,0.138286696078429,0.058268682461218184,0.05592834460817312
-0.4529411201194355,-0.4444302383437759,-0.4517357616335767,-0.44061494484424424,0.002198981054253202,-0.512565544162745,0.2529542498843737,-0.589649287683501,-0.062268815893370195,0.09447210030951621,-0.04713956506425698,0.048737899162141,-0.4391305320691827,-0.4406016583267655,-0.43740690228806184,-0.44156698152666385,0.059509047161073414,-0.5183579263368127,0.17563802459756905,-0.6240306942985328,0.015521946441714143,0.138286696078429,0.058268682461218184,0.05592834460817312,-0.4400801877088189,-0.4444957214949125,-0.44690581648666644,-0.439008787032934,0.025054961034602363,-0.5137585783002072,0.19447273239521323,-0.6076483001234319,0.07051870156870219,0.051502563631228564,-0.02669256549308368,0.04562586137070297
-0.4391305320691827,-0.4406016583267655,-0.43740690228806184,-0.44156698152666385,0.059509047161073414,-0.5183579263368127,0.17563802459756905,-0.6240306942985328,0.015521946441714143,0.138286696078429,0.058268682461218184,0.05592834460817312,-0.4400801877088189,-0.4444957214949125,-0.44690581648666644,-0.439008787032934,0.025054961034602363,-0.5137585783002072,0.19447273239521323,-0.6076483001234319,0.07051870156870219,0.051502563631228564,-0.02669256549308368,0.04562586137070297,-0.4375283912569398,-0.4406525696097991,-0.4389948786414682,-0.43392131957121305,-0.019649020955343266,-0.5085470771905649,0.10446218172484792,-0.6200563070776726,0.0848302139595962,0.04070341721235014,-0.04600678733065515,0.04072779488865804
-0.4400801877088189,-0.4444957214949125,-0.44690581648666644,-0.439008787032934,0.025054961034602363,-0.5137585783002072,0.19447273239521323,-0.6076483001234319,0.07051870156870219,0.051502563631228564,-0.02669256549308368,0.04562586137070297,-0.4375283912569398,-0.4406525696097991,-0.4389948786414682,-0.43392131957121305,-0.019649020955343266,-0.5085470771905649,0.10446218172484792,-0.6200563070776726,0.0848302139595962,0.04070341721235014,-0.04600678733065515,0.04072779488865804,-0.4324536475462141,-0.42740545245428624,-0.42954724182292897,-0.42331751986212085,0.011553779760734462,-0.5052201667865437,-0.09596709206404183,-0.6562631822012449,0.12019369048847205,0.05005111291924917,-0.06168052070892836,0.03173812994018919
-0.4375283912569398,-0.4406525696097991,-0.4389948786414682,-0.43392131957121305,-0.019649020955343266,-0.5085470771905649,0.10446218172484792,-0.6200563070776726,0.0848302139595962,0.04070341721235014,-0.04600678733065515,0.04072779488865804,-0.4324536475462141,-0.42740545245428624,-0.42954724182292897,-0.42331751986212085,0.011553779760734462,-0.5052201667865437,-0.09596709206404183,-0.6562631822012449,0.12019369048847205,0.05005111291924917,-0.06168052070892836,0.03173812994018919,-0.42187636792950894,-0.4261098306856776,-0.4200995157232475,-0.4221038521708904,0.02207872324083404,-0.5055698343382773,-0.08351176262276686,-0.644135208409285,0.08730402843011846,0.025160769072197598,-0.0011420346715234958,-0.021179164688651102
-0.4324536475462141,-0.42740545245428624,-0.42954724182292897,-0.42331751986212085,0.011553779760734462,-0.5052201667865437,-0.09596709206404183,-0.6562631822012449,0.12019369048847205,0.05005111291924917,-0.06168052070892836,0.03173812994018919,-0.42187636792950894,-0.4261098306856776,-0.4200995157232475,-0.4221038521708904,0.02207872324083404,-0.5055698343382773,-0.08351176262276686,-0.644135208409285,0.08730402843011846,0.025160769072197598,-0.0011420346715234958,-0.021179164688651102,-0.4206657356199512,-0.42572404084158294,-0.4176479609334998,-0.4200688295739299,0.01537264898115731,-0.5039081126215914,-0.08319226397179837,-0.6326885818726167,0.08062870041640151,0.03959981893160251,0.00022592847724327736,-0.02257329633013947
-0.42187636792950894,-0.4261098306856776,-0.4200995157232475,-0.4221038521708904,0.02207872324083404,-0.5055698343382773,-0.08351176262276686,-0.644135208409285,0.08730402843011846,0.025160769072197598,-0.0011420346715234958,-0.021179164688651102,-0.4206657356199512,-0.42572404084158294,-0.4176479609334998,-0.4200688295739299,0.01537264898115731,-0.5039081126215914,-0.08319226397179837,-0.6326885818726167,0.08062870041640151,0.03959981893160251,0.00022592847724327736,-0.02257329633013947,-0.418635802612455,-0.420847377391599,-0.4165648928584656,-0.4150394726191189,0.01816287191281518,-0.49980851083656197,-0.16728675597783244,-0.6423911374543415,0.04615998232008587,0.0019408352999142674,-0.04098309390720751,-0.01643985479320449
-0.4206657356199512,-0.42572404084158294,-0.4176479609334998,-0.4200688295739299,0.01537264898115731,-0.5039081126215914,-0.08319226397179837,-0.6326885818726167,0.08062870041640151,0.03959981893160251,0.00022592847724327736,-0.02257329633013947,-0.418635802612455,-0.420847377391599,-0.4165648928584656,-0.4150394726191189,0.01816287191281518,-0.49980851083656197,-0.16728675597783244,-0.6423911374543415,0.04615998232008587,0.0019408352999142674,-0.04098309390720751,-0.01643985479320449,-0.4136407947248388,-0.4180887378818509,-0.41333024877770314,-0.4113765563695082,-0.07105748733434936,-0.4950926323923899,-0.20177071140864067,-0.6423433394643197,0.03234759295251857,-0.016262282387215877,-0.06114867368649687,-0.055334698218952455
-0.418635802612455,-0.420847377391599,-0.4165648928584656,-0.4150394726191189,0.01816287191281518,-0.49980851083656197,-0.16728675597783244,-0.6423911374543415,0.04615998232008587,0.0019408352999142674,-0.04098309390720751,-0.01643985479320449,-0.4136407947248388,-0.4180887378818509,-0.41333024877770314,-0.4113765563695082,-0.07105748733434936,-0.4950926323923899,-0.20177071140864067,-0.6423433394643197,0.03234759295251857,-0.016262282387215877,-0.06114867368649687,-0.055334698218952455,-0.40996526877455824,-0.4177248051120454,-0.4126862499930098,-0.4140947110151696,-0.04183089579436883,-0.49512228151574245,-0.15232582298095768,-0.6357487841979306,-0.010200692148468122,0.026620723547694344,0.008992817164048521,-0.03874267528083784
-0.4136407947248388,-0.4180887378818509,-0.41333024877770314,-0.4113765563695082,-0.07105748733434936,-0.4950926323923899,-0.20177071140864067,-0.6423433394643197,0.03234759295251857,-0.016262282387215877,-0.06114867368649687,-0.055334698218952455,-0.40996526877455824,-0.4177248051120454,-0.4126862499930098,-0.4140947110151696,-0.04183089579436883,-0.49512228151574245,-0.15232582298095768,-0.6357487841979306,-0.010200692148468122,0.026620723547694344,0.008992817164048521,-0.03874267528083784,-0.4126766253181899,-0.41800139765642536,-0.41267892454845573,-0.4126120485693683,-0.07380001414751725,-0.4925585723968862,-0.18603511061155553,-0.6371915745265527,-0.06655491853889073,-0.029133920133287028,-0.0653904523792535,-0.025627971477092854
-0.40996526877455824,-0.4177248051120454,-0.4126862499930098,-0.4140947110151696,-0.04183089579436883,-0.49512228151574245,-0.15232582298095768,-0.6357487841979306,-0.010200692148468122,0.026620723547694344,0.008992817164048521,-0.03874267528083784,-0.4126766253181899,-0.41800139765642536,-0.41267892454845573,-0.4126120485693683,-0.07380001414751725,-0.4925585723968862,-0.18603511061155553,-0.6371915745265527,-0.06655491853889073,-0.029133920133287028,-0.0653904523792535,-0.025627971477092854,-0.4111976710096716,-0.4129573396896417,-0.40809044464208816,-0.406281814556098,-0.012521630982339271,-0.4873301566639638,-0.2560438889713467,-0.6424306170816488,-0.023854285723014807,0.03742980876366289,-0.08220352676064989,0.0037336839898475705
-0.4126766253181899,-0.41800139765642536,-0.41267892454845573,-0.4126120485693683,-0.07380001414751725,-0.4925585723968862,-0.18603511061155553,-0.6371915745265527,-0.06655491853889073,-0.029133920133287028,-0.0653904523792535,-0.025627971477092854,-0.4111976710096716,-0.4129573396896417,-0.40809044464208816,-0.406281814556098,-0.012521630982339271,-0.4873301566639638,-0.2560438889713467,-0.6424306170816488,-0.023854285723014807,0.03742980876366289,-0.08220352676064989,0.0037336839898475705,-0.4048977819473389,-0.412738944362347,-0.4071976551722983,-0.408120591729628,0.26039396914612234,-0.4852627464850679,-0.20725583039837583,-0.6399804719600375,-0.06000871064094038,0.11160074066470427,0.08747108973811493,0.07323168052827841
-0.4111976710096716,-0.4129573396896417,-0.40809044464208816,-0.406281814556098,-0.012521630982339271,-0.4873301566639638,-0.2560438889713467,-0.6424306170816488,-0.023854285723014807,0.03742980876366289,-0.08220352676064989,0.0037336839898475705,-0.4048977819473389,-0.412738944362347,-0.4071976551722983,-0.408120591729628,0.26039396914612234,-0.4852627464850679,-0.20725583039837583,-0.6399804719600375,-0.06000871064094038,0.11160074066470427,0.08747108973811493,0.07323168052827841,-0.4067174472989616,-0.4148643437640955,-0.41496217633480864,-0.41437089072735867,-0.05937511804556206,-0.4857739264954492,0.0011777935228510347,-0.5910074844668899,-0.1212574585728133,-0.04299129222877748,-0.038974868660521564,-0.008214871742297696
-0.4048977819473389,-0.412738944362347,-0.4071976551722983,-0.408120591729628,0.26039396914612234,-0.4852627464850679,-0.20725583039837583,-0.6399804719600375,-0.06000871064094038,0.11160074066470427,0.08747108973811493,0.07323168052827841,-0.4067174472989616,-0.4148643437640955,-0.41496217633480864,-0.41437089072735867,-0.05937511804556206,-0.4857739264954492,0.0011777935228510347,-0.5910074844668899,-0.1212574585728133,-0.04299129222877748,-0.038974868660521564,-0.008214871742297696,-0.41295211430519724,-0.4173754442103427,-0.41976291044827035,-0.4171035948031794,0.04104905943487458,-0.48550426282149917,0.1778319633755464,-0.5492770622073925,-0.20376027063671556,-0.057762788565421545,-0.009299889704241095,0.04193021886756183
-0.4067174472989616,-0.4148643437640955,-0.41496217633480864,-0.41437089072735867,-0.05937511804556206,-0.4857739264954492,0.0011777935228510347,-0.5910074844668899,-0.1212574585728133,-0.04299129222877748,-0.038974868660521564,-0.008214871742297696,-0.41295211430519724,-0.4173754442103427,-0.41976291044827035,-0.4171035948031794,0.04104905943487458,-0.48550426282149917,0.1778319633755464,-0.5492770622073925,-0.20376027063671556,-0.057762788565421545,-0.009299889704241095,0.04193021886756183,-0.4156779838908781,-0.41423830079055163,-0.4126130862922371,-0.4095668787830782,-0.030037235562438536,-0.48256483253509896,0.09165430820266637,-0.5578349191041185,-0.1819171783796159,-0.03100523009482731,-0.07735223263280325,0.07516040655955275
-0.41295211430519724,-0.4173754442103427,-0.41976291044827035,-0.4171035948031794,0.04104905943487458,-0.48550426282149917,0.1778319633755464,-0.5492770622073925,-0.20376027063671556,-0.057762788565421545,-0.009299889704241095,0.04193021886756183,-0.4156779838908781,-0.41423830079055163,-0.4126130862922371,-0.4095668787830782,-0.030037235562438536,-0.48256483253509896,0.09165430820266637,-0.5578349191041185,-0.1819171783796159,-0.03100523009482731,-0.07735223263280325,0.07516040655955275,-0.4081601171899482,-0.4163127889092663,-0.41611840811061557,-0.4189495583878897,-0.046861246424434566,-0.486083668389147,0.23655984862406285,-0.5337632867403366,-0.18916610052974173,-0.03193921907259329,-0.04277837310170029,0.0009071961000850152
-0.4156779838908781,-0.41423830079055163,-0.4126130862922371,-0.4095668787830782,-0.030037235562438536,-0.48256483253509896,0.09165430820266637,-0.5578349191041185,-0.1819171783796159,-0.03100523009482731,-0.07735223263280325,0.07516040655955275,-0.4081601171899482,-0.4163127889092663,-0.41611840811061557,-0.4189495583878897,-0.046861246424434566,-0.486083668389147,0.23655984862406285,-0.5337632867403366,-0.18916610052974173,-0.03193921907259329,-0.04277837310170029,0.0009071961000850152,-0.4174468525078831,-0.41701879737458863,-0.41439866669544206,-0.4108895810769482,-0.0937449410293677,-0.4821875638079694,0.14633449584023617,-0.5463007392356426,-0.11095829763708565,-0.017366779478355097,-0.11458012401059842,0.04020567763335303
-0.4081601171899482,-0.4163127889092663,-0.41611840811061557,-0.4189495583878897,-0.046861246424434566,-0.486083668389147,0.23655984862406285,-0.5337632867403366,-0.18916610052974173,-0.03193921907259329,-0.04277837310170029,0.0009071961000850152,-0.4174468525078831,-0.41701879737458863,-0.41439866669544206,-0.4108895810769482,-0.0937449410293677,-0.4821875638079694,0.14633449584023617,-0.5463007392356426,-0.11095829763708565,-0.017366779478355097,-0.11458012401059842,0.04020567763335303,-0.4094795114067142,-0.41179996942949243,-0.41416452543582843,-0.41466889640173954,-0.05721130413673792,-0.4842210157741503,0.14961575116557313,-0.5585518573870286,-0.11333762132418797,0.03806323517598696,-0.04902561945377271,-0.05229625392565018
-0.4174468525078831,-0.41701879737458863,-0.41439866669544206,-0.4108895810769482,-0.0937449410293677,-0.4821875638079694,0.14633449584023617,-0.5463007392356426,-0.11095829763708565,-0.017366779478355097,-0.11458012401059842,0.04020567763335303,-0.4094795114067142,-0.41179996942949243,-0.41416452543582843,-0.41466889640173954,-0.05721130413673792,-0.4842210157741503,0.14961575116557313,-0.5585518573870286,-0.11333762132418797,0.03806323517598696,-0.04902561945377271,-0.05229625392565018,-0.4132493746676868,-0.412498780760359,-0.410161532234302,-0.4058893237092369,-0.10632399734576461,-0.4799237678890346,0.019918035940052446,-0.5819237837474863,-0.003492456928115844,0.05052565596433524,-0.11519073802419276,-0.0006668543444509448
-0.4094795114067142,-0.41179996942949243,-0.41416452543582843,-0.41466889640173954,-0.05721130413673792,-0.4842210157741503,0.14961575116557313,-0.5585518573870286,-0.11333762132418797,0.03806323517598696,-0.04902561945377271,-0.05229625392565018,-0.4132493746676868,-0.412498780760359,-0.410161532234302,-0.4058893237092369,-0.10632399734576461,-0.4799237678890346,0.019918035940052446,-0.5819237837474863,-0.003492456928115844,0.05052565596433524,-0.11519073802419276,-0.0006668543444509448,-0.40450627344465356,-0.4124114405349332,-0.4100077908388727,-0.4065579942682873,-0.09917752892536469,-0.47632872520969227,0.03464703183413378,-0.5842667566359564,-0.0001641369430364822,0.06915320021413819,-0.05156460167284463,-0.002629255669176272
-0.4132493746676868,-0.412498780760359,-0.410161532234302,-0.4058893237092369,-0.10632399734576461,-0.4799237678890346,0.019918035940052446,-0.5819237837474863,-0.003492456928115844,0.05052565596433524,-0.11519073802419276,-0.0006668543444509448,-0.40450627344465356,-0.4124114405349332,-0.4100077908388727,-0.4065579942682873,-0.09917752892536469,-0.47632872520969227,0.03464703183413378,-0.5842667566359564,-0.0001641369430364822,0.06915320021413819,-0.05156460167284463,-0.002629255669176272,-0.40515150173375386,-0.4078913351211077,-0.4032898005415813,-0.40195022774743716,-0.037136007864348564,-0.47243830689059535,-0.10219104884047638,-0.6129000759621865,0.06027783147722863,0.11471121678934068,-0.058682940154485656,0.013429671998336733
-0.40450627344465356,-0.4124114405349332,-0.4100077908388727,-0.4065579942682873,-0.09917752892536469,-0.47632872520969227,0.03464703183413378,-0.5842667566359564,-0.0001641369430364822,0.06915320021413819,-0.05156460167284463,-0.002629255669176272,-0.40515150173375386,-0.4078913351211077,-0.4032898005415813,-0.40195022774743716,-0.037136007864348564,-0.47243830689059535,-0.10219104884047638,-0.6129000759621865,0.06027783147722863,0.11471121678934068,-0.058682940154485656,0.013429671998336733,-0.400569683103882,-0.4076803145274603,-0.4051998205619994,-0.4070521559720277,-0.1247903445544288,-0.47408829233085964,0.048572841910184766,-0.5806017357526548,-0.002976440236581036,0.05983130212272467,-0.008445350544242669,-0.07523849869570877
-0.40515150173375386,-0.4078913351211077,-0.4032898005415813,-0.40195022774743716,-0.037136007864348564,-0.47243830689059535,-0.10219104884047638,-0.6129000759621865,0.06027783147722863,0.11471121678934068,-0.058682940154485656,0.013429671998336733,-0.400569683103882,-0.4076803145274603,-0.4051998205619994,-0.4070521559720277,-0.1247903445544288,-0.47408829233085964,0.048572841910184766,-0.5806017357526548,-0.002976440236581036,0.05983130212272467,-0.008445350544242669,-0.07523849869570877,-0.40565168369811405,-0.40543114595789403,-0.40249206036145885,-0.40117979693743666,-0.03590862774854242,-0.4720111787351366,-0.03574416257432474,-0.5901325007433971,0.021038719341205218,0.08992826318495514,-0.03833906262868002,-0.026310153411553537
-0.400569683103882,-0.4076803145274603,-0.4051998205619994,-0.4070521559720277,-0.1247903445544288,-0.47408829233085964,0.048572841910184766,-0.5806017357526548,-0.002976440236581036,0.05983130212272467,-0.008445350544242669,-0.07523849869570877,-0.40565168369811405,-0.40543114595789403,-0.40249206036145885,-0.40117979693743666,-0.03590862774854242,-0.4720111787351366,-0.03574416257432474,-0.5901325007433971,0.021038719341205218,0.08992826318495514,-0.03833906262868002,-0.026310153411553537,-0.39979401142755105,-0.4070252173451718,-0.4115445790933559,-0.41321533426981927,0.08308523853061978,-0.47602723192940716,0.3285265048090883,-0.5086002262849266,-0.15830704521581754,-0.07285611785939547,0.03265654157058947,-0.11248985863339235
-0.40565168369811405,-0.40543114595789403,-0.40249206036145885,-0.40117979693743666,-0.03590862774854242,-0.4720111787351366,-0.03574416257432474,-0.5901325007433971,0.021038719341205218,0.08992826318495514,-0.03833906262868002,-0.026310153411553537,-0.39979401142755105,-0.4070252173451718,-0.4115445790933559,-0.41321533426981927,0.08308523853061978,-0.47602723192940716,0.3285265048090883,-0.5086002262849266,-0.15830704521581754,-0.07285611785939547,0.03265654157058947,-0.11248985863339235,-0.4117994478931936,-0.41348138104219573,-0.4095540699276113,-0.4086438530204686,-0.02978603600505847,-0.47354481847415464,0.2822215518459854,-0.5102707900484418,-0.12237325285834355,-0.02465371566664587,-0.006486401631965842,0.023034592613357545
-0.39979401142755105,-0.4070252173451718,-0.4115445790933559,-0.41321533426981927,0.08308523853061978,-0.47602723192940716,0.3285265048090883,-0.5086002262849266,-0.15830704521581754,-0.07285611785939547,0.03265654157058947,-0.11248985863339235,-0.4117994478931936,-0.41348138104219573,-0.4095540699276113,-0.4086438530204686,-0.02978603600505847,-0.47354481847415464,0.2822215518459854,-0.5102707900484418,-0.12237325285834355,-0.02465371566664587,-0.006486401631965842,0.023034592613357545,-0.4072393999138408,-0.4153883858445148,-0.4190822851726193,-0.4135132505501291,-0.0035945074716505765,-0.47166963631578845,0.45363938206208754,-0.4724030264301203,-0.19417471336549064,-0.10296762808245755,-0.035108144591151684,0.03014872272369471
-0.4117994478931936,-0.41348138104219573,-0.4095540699276113,-0.4086438530204686,-0.02978603600505847,-0.47354481847415464,0.2822215518459854,-0.5102707900484418,-0.12237325285834355,-0.02465371566664587,-0.006486401631965842,0.023034592613357545,-0.4072393999138408,-0.4153883858445148,-0.4190822851726193,-0.4135132505501291,-0.0035945074716505765,-0.47166963631578845,0.45363938206208754,-0.4724030264301203,-0.19417471336549064,-0.10296762808245755,-0.035108144591151684,0.03014872272369471,-0.4121111321272361,-0.41313930607454447,-0.41240083208514317,-0.4063981242372079,-0.10348448842500058,-0.4672148815658733,0.3003966594733282,-0.5038968436440443,-0.09668447213528057,-0.050610662503545366,-0.0912845421844778,0.05854354359380269
-0.4072393999138408,-0.4153883858445148,-0.4190822851726193,-0.4135132505501291,-0.0035945074716505765,-0.47166963631578845,0.45363938206208754,-0.4724030264301203,-0.19417471336549064,-0.10296762808245755,-0.035108144591151684,0.03014872272369471,-0.4121111321272361,-0.41313930607454447,-0.41240083208514317,-0.4063981242372079,-0.10348448842500058,-0.4672148815658733,0.3003966594733282,-0.5038968436440443,-0.09668447213528057,-0.050610662503545366,-0.0912845421844778,0.05854354359380269,-0.40497026088694205,-0.4052637507132288,-0.4034068261649107,-0.4023717287873272,-0.04534927946830547,-0.4662823239904466,0.12491095036727215,-0.5450429078554816,-0.0722899950852281,0.012722023069976331,-0.0738588851765342,0.06135443379730371
-0.4121111321272361,-0.41313930607454447,-0.41240083208514317,-0.4063981242372079,-0.10348448842500058,-0.4672148815658733,0.3003966594733282,-0.5038968436440443,-0.09668447213528057,-0.050610662503545366,-0.0912845421844778,0.05854354359380269,-0.40497026088694205,-0.4052637507132288,-0.4034068261649107,-0.4023717287873272,-0.04534927946830547,-0.4662823239904466,0.12491095036727215,-0.5450429078554816,-0.0722899950852281,0.012722023069976331,-0.0738588851765342,0.06135443379730371,-0.40098296225708613,-0.3942148020446525,-0.3977792301190202,-0.3884756784400747,-0.01346124451658981,-0.46165183107060187,-0.17010684107893628,-0.6071557471281468,0.09514753671756936,0.12448219874941036,-0.10564848080653681,0.1386812479834499
-0.40497026088694205,-0.4052637507132288,-0.4034068261649107,-0.4023717287873272,-0.04534927946830547,-0.4662823239904466,0.12491095036727215,-0.5450429078554816,-0.0722899950852281,0.012722023069976331,-0.0738588851765342,0.06135443379730371,-0.40098296225708613,-0.3942148020446525,-0.3977792301190202,-0.3884756784400747,-0.01346124451658981,-0.46165183107060187,-0.17010684107893628,-0.6071557471281468,0.09514753671756936,0.12448219874941036,-0.10564848080653681,0.1386812479834499,-0.38712166591774894,-0.38818805354070535,-0.3849285569351815,-0.3843766223263436,-0.02290507597758551,-0.4601435681037644,-0.21539464132676564,-0.6096966594264813,0.051749705232400606,0.06552149052181122,-0.008507655775339825,0.02870384358344529
-0.40098296225708613,-0.3942148020446525,-0.3977792301190202,-0.3884756784400747,-0.01346124451658981,-0.46165183107060187,-0.17010684107893628,-0.6071557471281468,0.09514753671756936,0.12448219874941036,-0.10564848080653681,0.1386812479834499,-0.38712166591774894,-0.38818805354070535,-0.3849285569351815,-0.3843766223263436,-0.02290507597758551,-0.4601435681037644,-0.21539464132676564,-0.6096966594264813,0.051749705232400606,0.06552149052181122,-0.008507655775339825,0.02870384358344529,-0.3830835698283121,-0.3911358558419466,-0.38946584874262596,-0.38766168655332356,-0.052740587963620134,-0.45849947603603286,-0.10277181682184142,-0.5877695917251607,0.05789783028347505,0.04490495708937412,0.05645616043566704,-0.0002462778415410765
-0.38712166591774894,-0.38818805354070535,-0.3849285569351815,-0.3843766223263436,-0.02290507597758551,-0.4601435681037644,-0.21539464132676564,-0.6096966594264813,0.051749705232400606,0.06552149052181122,-0.008507655775339825,0.02870384358344529,-0.3830835698283121,-0.3911358558419466,-0.38946584874262596,-0.38766168655332356,-0.052740587963620134,-0.45849947603603286,-0.10277181682184142,-0.5877695917251607,0.05789783028347505,0.04490495708937412,0.05645616043566704,-0.0002462778415410765,-0.38631696670739285,-0.3943821965614524,-0.4097296983755601,-0.4141819211091795,0.17840116172079057,-0.46565849049596264,0.34857242608691896,-0.5112892244570715,-0.0734604814897499,0.010687589080777602,0.22818364281436712,0.036285426499515876
-0.3830835698283121,-0.3911358558419466,-0.38946584874262596,-0.38766168655332356,-0.052740587963620134,-0.45849947603603286,-0.10277181682184142,-0.5877695917251607,0.05789783028347505,0.04490495708937412,0.05645616043566704,-0.0002462778415410765,-0.38631696670739285,-0.3943821965614524,-0.4097296983755601,-0.4141819211091795,0.17840116172079057,-0.46565849049596264,0.34857242608691896,-0.5112892244570715,-0.0734604814897499,0.010687589080777602,0.22818364281436712,0.036285426499515876,-0.4127636172998425,-0.4042010954121524,-0.40967118556389553,-0.39804014197866633,0.018550800343199447,-0.46040203890664483,0.26855154554309324,-0.5020603469503416,-0.08759783247832349,-0.03816860716631554,0.008392887820382514,0.05973395479679737
-0.38631696670739285,-0.3943821965614524,-0.4097296983755601,-0.4141819211091795,0.17840116172079057,-0.46565849049596264,0.34857242608691896,-0.5112892244570715,-0.0734604814897499,0.010687589080777602,0.22818364281436712,0.036285426499515876,-0.4127636172998425,-0.4042010954121524,-0.40967118556389553,-0.39804014197866633,0.018550800343199447,-0.46040203890664483,0.26855154554309324,-0.5020603469503416,-0.08759783247832349,-0.03816860716631554,0.008392887820382514,0.05973395479679737,-0.3966622087426687,-0.40476885236901533,-0.4160160333763943,-0.41443627631273894,0.11324508412238554,-0.4634262224252912,0.4692514056315123,-0.479491698210245,-0.13785230430373474,0.026136886698160302,0.1292594721558234,0.0794898114603658
-0.4127636172998425,-0.4042010954121524,-0.40967118556389553,-0.39804014197866633,0.018550800343199447,-0.46040203890664483,0.26855154554309324,-0.5020603469503416,-0.08759783247832349,-0.03816860716631554,0.008392887820382514,0.05973395479679737,-0.3966622087426687,-0.40476885236901533,-0.4160160333763943,-0.41443627631273894,0.11324508412238554,-0.4634262224252912,0.4692514056315123,-0.479491698210245,-0.13785230430373474,0.026136886698160302,0.1292594721558234,0.0794898114603658,-0.4130028233192448,-0.41946441466969925,-0.4216216538204354,-0.42199481756825086,0.05608764559473289,-0.4657785355249684,0.5815390475708804,-0.46684308007193454,-0.1261834494512589,0.03704221228176805,0.04769396055820559,-0.017599806225253783
-0.3966622087426687,-0.40476885236901533,-0.4160160333763943,-0.41443627631273894,0.11324508412238554,-0.4634262224252912,0.4692514056315123,-0.479491698210245,-0.13785230430373474,0.026136886698160302,0.1292594721558234,0.0794898114603658,-0.4130028233192448,-0.41946441466969925,-0.4216216538204354,-0.42199481756825086,0.05608764559473289,-0.4657785355249684,0.5815390475708804,-0.46684308007193454,-0.1261834494512589,0.03704221228176805,0.04769396055820559,-0.017599806225253783,-0.420556973712743,-0.41836533042623086,-0.419155448873392,-0.4120815129268387,0.005063927904878529,-0.46069788822173474,0.4775450664804216,-0.47524940382411235,-0.1488306756462816,-0.019251438796104182,-0.096651847915681,0.026084854091936956
-0.4130028233192448,-0.41946441466969925,-0.4216216538204354,-0.42199481756825086,0.05608764559473289,-0.4657785355249684,0.5815390475708804,-0.46684308007193454,-0.1261834494512589,0.03704221228176805,0.04769396055820559,-0.017599806225253783,-0.420556973712743,-0.41836533042623086,-0.419155448873392,-0.4120815129268387,0.005063927904878529,-0.46069788822173474,0.4775450664804216,-0.47524940382411235,-0.1488306756462816,-0.019251438796104182,-0.096651847915681,0.026084854091936956,-0.41066846223624925,-0.4113341245661581,-0.41272287648396727,-0.4068123501986276,-0.08873684858793052,-0.457715637905923,0.3501858761538573,-0.5021737970782812,-0.09315700093977451,0.026436028604462834,-0.09033518143481745,-0.004409859594889401
-0.420556973712743,-0.41836533042623086,-0.419155448873392,-0.4120815129268387,0.005063927904878529,-0.46069788822173474,0.4775450664804216,-0.47524940382411235,-0.1488306756462816,-0.019251438796104182,-0.096651847915681,0.026084854091936956,-0.41066846223624925,-0.4113341245661581,-0.41272287648396727,-0.4068123501986276,-0.08873684858793052,-0.457715637905923,0.3501858761538573,-0.5021737970782812,-0.09315700093977451,0.026436028604462834,-0.09033518143481745,-0.004409859594889401,-0.40541247767871175,-0.4011222387369077,-0.40225059438910377,-0.39498033336814564,0.004313508973971092,-0.4527299643182583,0.10442540339933584,-0.5517120803512857,-0.03187221810228394,0.0400415245496257,-0.06691520228779495,0.04242576005026509
-0.41066846223624925,-0.4113341245661581,-0.41272287648396727,-0.4068123501986276,-0.08873684858793052,-0.457715637905923,0.3501858761538573,-0.5021737970782812,-0.09315700093977451,0.026436028604462834,-0.09033518143481745,-0.004409859594889401,-0.40541247767871175,-0.4011222387369077,-0.40225059438910377,-0.39498033336814564,0.004313508973971092,-0.4527299643182583,0.10442540339933584,-0.5517120803512857,-0.03187221810228394,0.0400415245496257,-0.06691520228779495,0.04242576005026509,-0.3936100527103998,-0.3986329065653535,-0.39251745038155567,-0.39497305828967555,0.009574390843404612,-0.45367070312103996,0.06571845232516742,-0.5574074321273119,0.024162164946672338,0.06491062659531725,0.03375727233627484,0.04028719068423661
-0.40541247767871175,-0.4011222387369077,-0.40225059438910377,-0.39498033336814564,0.004313508973971092,-0.4527299643182583,0.10442540339933584,-0.5517120803512857,-0.03187221810228394,0.0400415245496257,-0.06691520228779495,0.04242576005026509,-0.3936100527103998,-0.3986329065653535,-0.39251745038155567,-0.39497305828967555,0.009574390843404612,-0.45367070312103996,0.06571845232516742,-0.5574074321273119,0.024162164946672338,0.06491062659531725,0.03375727233627484,0.04028719068423661,-0.39350129007822815,-0.3916162718455182,-0.3902268731506487,-0.3903434665334147,0.0589144355505663,-0.45422056309965114,-0.04501127561733581,-0.5758197429125963,0.060570409508933304,0.05359635920821769,0.05072501923707393,0.017553039629447684
-0.3936100527103998,-0.3986329065653535,-0.39251745038155567,-0.39497305828967555,0.009574390843404612,-0.45367070312103996,0.06571845232516742,-0.5574074321273119,0.024162164946672338,0.06491062659531725,0.03375727233627484,0.04028719068423661,-0.39350129007822815,-0.3916162718455182,-0.3902268731506487,-0.3903434665334147,0.0589144355505663,-0.45422056309965114,-0.04501127561733581,-0.5758197429125963,0.060570409508933304,0.05359635920821769,0.05072501923707393,0.017553039629447684,-0.3889847826749497,-0.3966094192571336,-0.39122945281216875,-0.3924656992243851,-0.053960018726344594,-0.4535361550860794,0.00709684369534052,-0.5690869697504304,0.06680049198253683,0.026780507973423795,0.028998175518880516,-0.07486384820485381
-0.39350129007822815,-0.3916162718455182,-0.3902268731506487,-0.3903434665334147,0.0589144355505663,-0.45422056309965114,-0.04501127561733581,-0.5758197429125963,0.060570409508933304,0.05359635920821769,0.05072501923707393,0.017553039629447684,-0.3889847826749497,-0.3966094192571336,-0.39122945281216875,-0.3924656992243851,-0.053960018726344594,-0.4535361550860794,0.00709684369534052,-0.5690869697504304,0.06680049198253683,0.026780507973423795,0.028998175518880516,-0.07486384820485381,-0.39102922872449536,-0.3886975244808874,-0.38773145643834434,-0.3842022021383238,-0.10283582121353829,-0.4509705223673671,-0.10598934002969894,-0.5869516780137995,0.09488814880112291,0.04830623276142417,-0.011554316769607406,-0.0763767216634003
-0.3889847826749497,-0.3966094192571336,-0.39122945281216875,-0.3924656992243851,-0.053960018726344594,-0.4535361550860794,0.00709684369534052,-0.5690869697504304,0.06680049198253683,0.026780507973423795,0.028998175518880516,-0.07486384820485381,-0.39102922872449536,-0.3886975244808874,-0.38773145643834434,-0.3842022021383238,-0.10283582121353829,-0.4509705223673671,-0.10598934002969894,-0.5869516780137995,0.09488814880112291,0.04830623276142417,-0.011554316769607406,-0.0763767216634003,-0.38288064750147804,-0.38802794495795706,-0.38468709096282644,-0.3813241774615832,0.03291846110296681,-0.44519197198800475,-0.11689987090532443,-0.5784744862159849,0.0966357501469616,0.09498975617332778,0.04628976636631279,-0.021472324614920813
-0.39102922872449536,-0.3886975244808874,-0.38773145643834434,-0.3842022021383238,-0.10283582121353829,-0.4509705223673671,-0.10598934002969894,-0.5869516780137995,0.09488814880112291,0.04830623276142417,-0.011554316769607406,-0.0763767216634003,-0.38288064750147804,-0.38802794495795706,-0.38468709096282644,-0.3813241774615832,0.03291846110296681,-0.44519197198800475,-0.11689987090532443,-0.5784744862159849,0.0966357501469616,0.09498975617332778,0.04628976636631279,-0.021472324614920813,-0.38000247543251436,-0.3880424272985989,-0.38850713173547496,-0.392131408278505,-0.0012240103827036997,-0.4496883897495756,0.009976670656368267,-0.5632265283782514,0.009404628438186591,-0.007500159951614056,-0.005135621715633138,-0.12158223648046913
-0.38288064750147804,-0.38802794495795706,-0.38468709096282644,-0.3813241774615832,0.03291846110296681,-0.44519197198800475,-0.11689987090532443,-0.5784744862159849,0.0966357501469616,0.09498975617332778,0.04628976636631279,-0.021472324614920813,-0.38000247543251436,-0.3880424272985989,-0.38850713173547496,-0.392131408278505,-0.0012240103827036997,-0.4496883897495756,0.009976670656368267,-0.5632265283782514,0.009404628438186591,-0.007500159951614056,-0.005135621715633138,-0.12158223648046913,-0.39071745531995655,-0.38727822161619135,-0.3874167374840743,-0.3813096273046426,-0.027197726641674524,-0.44515620516177856,-0.038883090690583946,-0.5539311718126422,0.007495681063147967,0.039475753328215256,-0.04708665051286989,-0.01947692023575724
-0.38000247543251436,-0.3880424272985989,-0.38850713173547496,-0.392131408278505,-0.0012240103827036997,-0.4496883897495756,0.009976670656368267,-0.5632265283782514,0.009404628438186591,-0.007500159951614056,-0.005135621715633138,-0.12158223648046913,-0.39071745531995655,-0.38727822161619135,-0.3874167374840743,-0.3813096273046426,-0.027197726641674524,-0.44515620516177856,-0.038883090690583946,-0.5539311718126422,0.007495681063147967,0.039475753328215256,-0.04708665051286989,-0.01947692023575724,-0.37996628018547923,-0.3728228229174954,-0.3765639881916765,-0.3690778452756105,0.010475847482863232,-0.4417493403977349,-0.30180368090200344,-0.6062822304938528,0.013483727698116713,0.02976412067945624,-0.1228492677871842,0.04976839411415375
-0.39071745531995655,-0.38727822161619135,-0.3874167374840743,-0.3813096273046426,-0.027197726641674524,-0.44515620516177856,-0.038883090690583946,-0.5539311718126422,0.007495681063147967,0.039475753328215256,-0.04708665051286989,-0.01947692023575724,-0.37996628018547923,-0.3728228229174954,-0.3765639881916765,-0.3690778452756105,0.010475847482863232,-0.4417493403977349,-0.30180368090200344,-0.6062822304938528,0.013483727698116713,0.02976412067945624,-0.1228492677871842,0.04976839411415375,-0.3677868604814946,-0.3718692761165378,-0.3644085911725968,-0.36683939157082013,-0.0756426741918429,-0.44088252413475737,-0.2980371017850542,-0.5989777803172986,0.010830235870143617,0.0036519945283602436,-0.04259275397236062,-0.04901966187688749
-0.37996628018547923,-0.3728228229174954,-0.3765639881916765,-0.3690778452756105,0.010475847482863232,-0.4417493403977349,-0.30180368090200344,-0.6062822304938528,0.013483727698116713,0.02976412067945624,-0.1228492677871842,0.04976839411415375,-0.3677868604814946,-0.3718692761165378,-0.3644085911725968,-0.36683939157082013,-0.0756426741918429,-0.44088252413475737,-0.2980371017850542,-0.5989777803172986,0.010830235870143617,0.0036519945283602436,-0.04259275397236062,-0.04901966187688749,-0.3655032076875832,-0.36731283128778175,-0.3626302469328036,-0.36069085209725893,-0.03631881436755535,-0.4358521346441759,-0.36746680845635415,-0.6029181291193079,0.004062421306914195,0.022888160717048394,-0.01664895794162791,-0.0021223854972028016
-0.3677868604814946,-0.3718692761165378,-0.3644085911725968,-0.36683939157082013,-0.0756426741918429,-0.44088252413475737,-0.2980371017850542,-0.5989777803172986,0.010830235870143617,0.0036519945283602436,-0.04259275397236062,-0.04901966187688749,-0.3655032076875832,-0.36731283128778175,-0.3626302469328036,-0.36069085209725893,-0.03631881436755535,-0.4358521346441759,-0.36746680845635415,-0.6029181291193079,0.004062421306914195,0.022888160717048394,-0.01664895794162791,-0.0021223854972028016,-0.359413586281124,-0.36239973889540583,-0.35819550915367776,-0.3557996300589683,0.002652094179907083,-0.43046535858448753,-0.3756521849748806,-0.5894768545357976,-0.062261823300610884,0.02761339932728074,0.046989372567969874,0.046453006133404584
-0.3655032076875832,-0.36731283128778175,-0.3626302469328036,-0.36069085209725893,-0.03631881436755535,-0.4358521346441759,-0.36746680845635415,-0.6029181291193079,0.004062421306914195,0.022888160717048394,-0.01664895794162791,-0.0021223854972028016,-0.359413586281124,-0.36239973889540583,-0.35819550915367776,-0.3557996300589683,0.002652094179907083,-0.43046535858448753,-0.3756521849748806,-0.5894768545357976,-0.062261823300610884,0.02761339932728074,0.046989372567969874,0.046453006133404584,-0.35452734030071625,-0.3607766125715181,-0.35791009124581113,-0.3601747772175987,-0.012817346916976446,-0.4325955933465594,-0.3071896873910038,-0.5818999110579466,-0.06499257855686277,0.03698457488604373,0.04039456902144418,-0.06592154051253034
-0.359413586281124,-0.36239973889540583,-0.35819550915367776,-0.3557996300589683,0.002652094179907083,-0.43046535858448753,-0.3756521849748806,-0.5894768545357976,-0.062261823300610884,0.02761339932728074,0.046989372567969874,0.046453006133404584,-0.35452734030071625,-0.3607766125715181,-0.35791009124581113,-0.3601747772175987,-0.012817346916976446,-0.4325955933465594,-0.3071896873910038,-0.5818999110579466,-0.06499257855686277,0.03698457488604373,0.04039456902144418,-0.06592154051253034,-0.3588771206241956,-0.3617301593724757,-0.35745637106636213,-0.3550655739145381,-0.07179041768847716,-0.4278332464773712,-0.32102723379730796,-0.5731304884467774,-0.08039248154451147,0.032189640505538214,-0.01160391591245195,-0.06384665560378917
-0.35452734030071625,-0.3607766125715181,-0.35791009124581113,-0.3601747772175987,-0.012817346916976446,-0.4325955933465594,-0.3071896873910038,-0.5818999110579466,-0.06499257855686277,0.03698457488604373,0.04039456902144418,-0.06592154051253034,-0.3588771206241956,-0.3617301593724757,-0.35745637106636213,-0.3550655739145381,-0.07179041768847716,-0.4278332464773712,-0.32102723379730796,-0.5731304884467774,-0.08039248154451147,0.032189640505538214,-0.01160391591245195,-0.06384665560378917,-0.3549550433254733,-0.3600560329659585,-0.35523895753622786,-0.3550146490920274,-0.09975147221785952,-0.425505284970509,-0.29851458412880394,-0.560449897165453,-0.081363207232464,0.056260977241405254,-0.04272614270260517,-0.10658813000849908
-0.3588771206241956,-0.3617301593724757,-0.35745637106636213,-0.3550655739145381,-0.07179041768847716,-0.4278332464773712,-0.32102723379730796,-0.5731304884467774,-0.08039248154451147,0.032189640505538214,-0.01160391591245195,-0.06384665560378917,-0.3549550433254733,-0.3600560329659585,-0.35523895753622786,-0.3550146490920274,-0.09975147221785952,-0.425505284970509,-0.29851458412880394,-0.560449897165453,-0.081363207232464,0.056260977241405254,-0.04272614270260517,-0.10658813000849908,-0.3537588363373951,-0.3490652807866019,-0.35010894359234307,-0.3429719260752453,-0.012755341962939704,-0.4206374212909817,-0.5120790670736427,-0.6027536436450956,0.07118249342238553,0.17372658307079447,-0.0724457662879362,0.05102112254123625
-0.3549550433254733,-0.3600560329659585,-0.35523895753622786,-0.3550146490920274,-0.09975147221785952,-0.425505284970509,-0.29851458412880394,-0.560449897165453,-0.081363207232464,0.056260977241405254,-0.04272614270260517,-0.10658813000849908,-0.3537588363373951,-0.3490652807866019,-0.35010894359234307,-0.3429719260752453,-0.012755341962939704,-0.4206374212909817,-0.5120790670736427,-0.6027536436450956,0.07118249342238553,0.17372658307079447,-0.0724457662879362,0.05102112254123625,-0.3426088958167261,-0.34150274763992344,-0.34064656660355347,-0.33683784809133477,0.018986424892073694,-0.4170593479957192,-0.49908553800153077,-0.5825338362231067,0.017423256842420038,0.1726086330463099,0.06764536897514561,-0.0054985249290550155
-0.3537588363373951,-0.3490652807866019,-0.35010894359234307,-0.3429719260752453,-0.012755341962939704,-0.4206374212909817,-0.5120790670736427,-0.6027536436450956,0.07118249342238553,0.17372658307079447,-0.0724457662879362,0.05102112254123625,-0.3426088958167261,-0.34150274763992344,-0.34064656660355347,-0.33683784809133477,0.018986424892073694,-0.4170593479957192,-0.49908553800153077,-0.5825338362231067,0.017423256842420038,0.1726086330463099,0.06764536897514561,-0.0054985249290550155,-0.3361277659075818,-0.34221604131143185,-0.3392415434108374,-0.3428774409027653,-0.003956997972173637,-0.4207778205405764,-0.42965036619952557,-0.5770264156834433,-0.017063727923292544,0.1384176436299885,0.05609130722096083,-0.1331206259633259
-0.3426088958167261,-0.34150274763992344,-0.34064656660355347,-0.33683784809133477,0.018986424892073694,-0.4170593479957192,-0.49908553800153077,-0.5825338362231067,0.017423256842420038,0.1726086330463099,0.06764536897514561,-0.0054985249290550155,-0.3361277659075818,-0.34221604131143185,-0.3392415434108374,-0.3428774409027653,-0.003956997972173637,-0.4207778205405764,-0.42965036619952557,-0.5770264156834433,-0.017063727923292544,0.1384176436299885,0.05609130722096083,-0.1331206259633259,-0.3402020565190906,-0.33715012554249374,-0.33642408303152155,-0.330522162781443,-0.015470840975630007,-0.4154688901131676,-0.4722275776053605,-0.5647768769268546,-0.10849651772174995,0.08117727264695228,-0.0047932750964355805,-0.04758742288996562
-0.3361277659075818,-0.34221604131143185,-0.3392415434108374,-0.3428774409027653,-0.003956997972173637,-0.4207778205405764,-0.42965036619952557,-0.5770264156834433,-0.017063727923292544,0.1384176436299885,0.05609130722096083,-0.1331206259633259,-0.3402020565190906,-0.33715012554249374,-0.33642408303152155,-0.330522162781443,-0.015470840975630007,-0.4154688901131676,-0.4722275776053605,-0.5647768769268546,-0.10849651772174995,0.08117727264695228,-0.0047932750964355805,-0.04758742288996562,-0.3305890347545674,-0.333241491234109,-0.32832286658107873,-0.33137971501816343,-0.04180386799389124,-0.4175183938325144,-0.42691497711078796,-0.5582607299359256,-0.13012673926865942,0.08966324278034342,0.03049182097487131,-0.09593229415412746
-0.3402020565190906,-0.33715012554249374,-0.33642408303152155,-0.330522162781443,-0.015470840975630007,-0.4154688901131676,-0.4722275776053605,-0.5647768769268546,-0.10849651772174995,0.08117727264695228,-0.0047932750964355805,-0.04758742288996562,-0.3305890347545674,-0.333241491234109,-0.32832286658107873,-0.33137971501816343,-0.04180386799389124,-0.4175183938325144,-0.42691497711078796,-0.5582607299359256,-0.13012673926865942,0.08966324278034342,0.03049182097487131,-0.09593229415412746,-0.33023380994445056,-0.3317201882041542,-0.3289448897639227,-0.32929385699276303,-0.003888633535671482,-0.417200025461991,-0.43744461165276777,-0.5508492346567145,-0.11818955518308658,0.11498346748919817,0.030682631496083662,-0.09279741148694758
-0.3305890347545674,-0.333241491234109,-0.32832286658107873,-0.33137971501816343,-0.04180386799389124,-0.4175183938325144,-0.42691497711078796,-0.5582607299359256,-0.13012673926865942,0.08966324278034342,0.03049182097487131,-0.09593229415412746,-0.33023380994445056,-0.3317201882041542,-0.3289448897639227,-0.32929385699276303,-0.003888633535671482,-0.417200025461991,-0.43744461165276777,-0.5508492346567145,-0.11818955518308658,0.11498346748919817,0.030682631496083662,-0.09279741148694758,-0.32792113034147724,-0.3228038353439166,-0.33905126553740567,-0.3393307456669745,0.1308465417157666,-0.42164970630461873,-0.1294269882323959,-0.48352275641638426,-0.16879862997443384,0.08064054412816718,0.12848134530721872,0.03580065024224844
-0.33023380994445056,-0.3317201882041542,-0.3289448897639227,-0.32929385699276303,-0.003888633535671482,-0.417200025461991,-0.43744461165276777,-0.5508492346567145,-0.11818955518308658,0.11498346748919817,0.030682631496083662,-0.09279741148694758,-0.32792113034147724,-0.3228038353439166,-0.33905126553740567,-0.3393307456669745,0.1308465417157666,-0.42164970630461873,-0.1294269882323959,-0.48352275641638426,-0.16879862997443384,0.08064054412816718,0.12848134530721872,0.03580065024224844,-0.34080374423211607,-0.34586265494353946,-0.34880629586566086,-0.34284834131566533,0.06478582773667019,-0.41860426821244945,0.08439495447312818,-0.43305712250024037,-0.2130177548800661,0.026376513522948127,0.06396364989812968,0.018329062369837123
-0.32792113034147724,-0.3228038353439166,-0.33905126553740567,-0.3393307456669745,0.1308465417157666,-0.42164970630461873,-0.1294269882323959,-0.48352275641638426,-0.16879862997443384,0.08064054412816718,0.12848134530721872,0.03580065024224844,-0.34080374423211607,-0.34586265494353946,-0.34880629586566086,-0.34284834131566533,0.06478582773667019,-0.41860426821244945,0.08439495447312818,-0.43305712250024037,-0.2130177548800661,0.026376513522948127,0.06396364989812968,0.018329062369837123,-0.34439227747578055,-0.350026024722015,-0.3478183663614361,-0.3435097367962452,-0.12400017885811312,-0.41446741604259757,0.1594320604691198,-0.4163805422822072,-0.27305350794213573,-0.004996857686778911,-0.042118104777819146,-0.06822727292721374
-0.34080374423211607,-0.34586265494353946,-0.34880629586566086,-0.34284834131566533,0.06478582773667019,-0.41860426821244945,0.08439495447312818,-0.43305712250024037,-0.2130177548800661,0.026376513522948127,0.06396364989812968,0.018329062369837123,-0.34439227747578055,-0.350026024722015,-0.3478183663614361,-0.3435097367962452,-0.12400017885811312,-0.41446741604259757,0.1594320604691198,-0.4163805422822072,-0.27305350794213573,-0.004996857686778911,-0.042118104777819146,-0.06822727292721374,-0.34007152396136336,-0.33224431908416924,-0.3362923172379418,-0.33590754652347377,-0.012817346916976446,-0.41612859907599814,-0.004444251955267718,-0.4498205482947068,-0.2460064267594769,0.09303129647780214,-0.023285930285400346,-0.058068421490347695
-0.34439227747578055,-0.350026024722015,-0.3478183663614361,-0.3435097367962452,-0.12400017885811312,-0.41446741604259757,0.1594320604691198,-0.4163805422822072,-0.27305350794213573,-0.004996857686778911,-0.042118104777819146,-0.06822727292721374,-0.34007152396136336,-0.33224431908416924,-0.3362923172379418,-0.33590754652347377,-0.012817346916976446,-0.41612859907599814,-0.004444251955267718,-0.4498205482947068,-0.2460064267594769,0.09303129647780214,-0.023285930285400346,-0.058068421490347695,-0.3372152109884516,-0.3450838781208944,-0.3454984880841257,-0.34441093877700624,0.007809634459279069,-0.4160951031977942,0.16768212836223761,-0.41837956905713203,-0.2444925179022205,0.08896298089526095,0.04262749930503323,-0.044934707363137316
-0.34007152396136336,-0.33224431908416924,-0.3362923172379418,-0.33590754652347377,-0.012817346916976446,-0.41612859907599814,-0.004444251955267718,-0.4498205482947068,-0.2460064267594769,0.09303129647780214,-0.023285930285400346,-0.058068421490347695,-0.3372152109884516,-0.3450838781208944,-0.3454984880841257,-0.34441093877700624,0.007809634459279069,-0.4160951031977942,0.16768212836223761,-0.41837956905713203,-0.2444925179022205,0.08896298089526095,0.04262749930503323,-0.044934707363137316,-0.34260163893322,-0.34119701208720316,-0.33923421869809595,-0.34001387771567515,-0.00626390023646739,-0.4167850870088826,0.0903748346118097,-0.42975244014299285,-0.1994256286156247,0.1099478016990215,0.023371551342866916,-0.009753043813024304
-0.3372152109884516,-0.3450838781208944,-0.3454984880841257,-0.34441093877700624,0.007809634459279069,-0.4160951031977942,0.16768212836223761,-0.41837956905713203,-0.2444925179022205,0.08896298089526095,0.04262749930503323,-0.044934707363137316,-0.34260163893322,-0.34119701208720316,-0.33923421869809595,-0.34001387771567515,-0.00626390023646739,-0.4167850870088826,0.0903748346118097,-0.42975244014299285,-0.1994256286156247,0.1099478016990215,0.023371551342866916,-0.009753043813024304,-0.34043400565498655,-0.34332241148895165,-0.3523117069651816,-0.35721681752531853,0.08928414406368745,-0.42311066840929273,0.4182787779575497,-0.3671732705139357,-0.304171216262848,0.02529025819066435,0.13006575311058993,-0.10791080498633934
-0.34260163893322,-0.34119701208720316,-0.33923421869809595,-0.34001387771567515,-0.00626390023646739,-0.4167850870088826,0.0903748346118097,-0.42975244014299285,-0.1994256286156247,0.1099478016990215,0.023371551342866916,-0.009753043813024304,-0.34043400565498655,-0.34332241148895165,-0.3523117069651816,-0.35721681752531853,0.08928414406368745,-0.42311066840929273,0.4182787779575497,-0.3671732705139357,-0.304171216262848,0.02529025819066435,0.13006575311058993,-0.10791080498633934,-0.3552377899209502,-0.35683883525479304,-0.35818085826456963,-0.35018153756064674,0.06582878286098215,-0.4170127221498726,0.380888171953231,-0.36152364386864433,-0.22085767888962463,0.025378437742531512,0.013043931406354393,-0.019003256870127983
-0.34043400565498655,-0.34332241148895165,-0.3523117069651816,-0.35721681752531853,0.08928414406368745,-0.42311066840929273,0.4182787779575497,-0.3671732705139357,-0.304171216262848,0.02529025819066435,0.13006575311058993,-0.10791080498633934,-0.3552377899209502,-0.35683883525479304,-0.35818085826456963,-0.35018153756064674,0.06582878286098215,-0.4170127221498726,0.380888171953231,-0.36152364386864433,-0.22085767888962463,0.025378437742531512,0.013043931406354393,-0.019003256870127983,-0.34869860639368183,-0.35239158772575147,-0.3575222093225808,-0.35675166674138814,0.018414071470195137,-0.4188312837548356,0.4214723571964906,-0.3676336365520357,-0.23194911110772495,0.05540225271027786,0.015332417195976451,-0.0869571100860593
-0.3552377899209502,-0.35683883525479304,-0.35818085826456963,-0.35018153756064674,0.06582878286098215,-0.4170127221498726,0.380888171953231,-0.36152364386864433,-0.22085767888962463,0.025378437742531512,0.013043931406354393,-0.019003256870127983,-0.34869860639368183,-0.35239158772575147,-0.3575222093225808,-0.35675166674138814,0.018414071470195137,-0.4188312837548356,0.4214723571964906,-0.3676336365520357,-0.23194911110772495,0.05540225271027786,0.015332417195976451,-0.0869571100860593,-0.35716612873424797,-0.3649254104818908,-0.36961909352999595,-0.37308969129533165,0.014997439515703648,-0.42352279960721684,0.6260846296720323,-0.3401401204743857,-0.18097974290040159,0.08381027554092037,0.0884352284664504,-0.16761661597143232
-0.34869860639368183,-0.35239158772575147,-0.3575222093225808,-0.35675166674138814,0.018414071470195137,-0.4188312837548356,0.4214723571964906,-0.3676336365520357,-0.23194911110772495,0.05540225271027786,0.015332417195976451,-0.0869571100860593,-0.35716612873424797,-0.3649254104818908,-0.36961909352999595,-0.37308969129533165,0.014997439515703648,-0.42352279960721684,0.6260846296720323,-0.3401401204743857,-0.18097974290040159,0.08381027554092037,0.0884352284664504,-0.16761661597143232,-0.37149141251587364,-0.3698385028742665,-0.3761029432994863,-0.36316183649697886,0.001488308888754064,-0.41804928000818603,0.5513369129014644,-0.34018522186304956,-0.14833512709321078,0.08031627502806449,-0.038110640395032244,-0.006036334890880299
-0.35716612873424797,-0.3649254104818908,-0.36961909352999595,-0.37308969129533165,0.014997439515703648,-0.42352279960721684,0.6260846296720323,-0.3401401204743857,-0.18097974290040159,0.08381027554092037,0.0884352284664504,-0.16761661597143232,-0.37149141251587364,-0.3698385028742665,-0.3761029432994863,-0.36316183649697886,0.001488308888754064,-0.41804928000818603,0.5513369129014644,-0.34018522186304956,-0.14833512709321078,0.08031627502806449,-0.038110640395032244,-0.006036334890880299,-0.3599065113619781,-0.35394194496445114,-0.35631470016670824,-0.3480302939498663,-0.026396431851044566,-0.4134012237041853,0.30443216202680196,-0.38861259306916884,-0.06629863496912956,0.12305025594017723,-0.09178069659860429,-0.03341094935715492
-0.37149141251587364,-0.3698385028742665,-0.3761029432994863,-0.36316183649697886,0.001488308888754064,-0.41804928000818603,0.5513369129014644,-0.34018522186304956,-0.14833512709321078,0.08031627502806449,-0.038110640395032244,-0.006036334890880299,-0.3599065113619781,-0.35394194496445114,-0.35631470016670824,-0.3480302939498663,-0.026396431851044566,-0.4134012237041853,0.30443216202680196,-0.38861259306916884,-0.06629863496912956,0.12305025594017723,-0.09178069659860429,-0.03341094935715492,-0.34584220425027373,-0.35081946221235877,-0.3460766486126004,-0.3484445199112862,-0.08891968370880843,-0.4145367740166821,0.1938823763302289,-0.4307607919586981,0.02584516501717667,0.08010840399396997,-0.09469980397172201,-0.112658109001926
-0.3599065113619781,-0.35394194496445114,-0.35631470016670824,-0.3480302939498663,-0.026396431851044566,-0.4134012237041853,0.30443216202680196,-0.38861259306916884,-0.06629863496912956,0.12305025594017723,-0.09178069659860429,-0.03341094935715492,-0.34584220425027373,-0.35081946221235877,-0.3460766486126004,-0.3484445199112862,-0.08891968370880843,-0.4145367740166821,0.1938823763302289,-0.4307607919586981,0.02584516501717667,0.08010840399396997,-0.09469980397172201,-0.112658109001926,-0.35021375449930864,-0.35704994464803635,-0.35803444231369436,-0.36056726733767874,-0.016265776283794664,-0.4178604493314343,0.32455353811992055,-0.41662240471215084,0.05083682107031955,0.06756843459695924,-0.009523135699212964,-0.1030289322708506
-0.34584220425027373,-0.35081946221235877,-0.3460766486126004,-0.3484445199112862,-0.08891968370880843,-0.4145367740166821,0.1938823763302289,-0.4307607919586981,0.02584516501717667,0.08010840399396997,-0.09469980397172201,-0.112658109001926,-0.35021375449930864,-0.35704994464803635,-0.35803444231369436,-0.36056726733767874,-0.016265776283794664,-0.4178604493314343,0.32455353811992055,-0.41662240471215084,0.05083682107031955,0.06756843459695924,-0.009523135699212964,-0.1030289322708506,-0.3565209896156442,-0.3588114112799791,-0.36681619402683313,-0.3704587467436804,-0.053335199574127246,-0.4222116670240075,0.45351868916376786,-0.3976413246710753,0.014524064522676038,0.05136411480256197,0.07969885551828404,-0.06157765273817035
-0.35021375449930864,-0.35704994464803635,-0.35803444231369436,-0.36056726733767874,-0.016265776283794664,-0.4178604493314343,0.32455353811992055,-0.41662240471215084,0.05083682107031955,0.06756843459695924,-0.009523135699212964,-0.1030289322708506,-0.3565209896156442,-0.3588114112799791,-0.36681619402683313,-0.3704587467436804,-0.053335199574127246,-0.4222116670240075,0.45351868916376786,-0.3976413246710753,0.014524064522676038,0.05136411480256197,0.07969885551828404,-0.06157765273817035,-0.36941802810279917,-0.3576904699622218,-0.3689019317763423,-0.35313231156852787,-0.02534234763241827,-0.4179649279618842,0.3482919594480214,-0.397705837892502,0.014900716568541899,-0.0193610353119349,-0.02144068105653528,0.012286381383013698
-0.3565209896156442,-0.3588114112799791,-0.36681619402683313,-0.3704587467436804,-0.053335199574127246,-0.4222116670240075,0.45351868916376786,-0.3976413246710753,0.014524064522676038,0.05136411480256197,0.07969885551828404,-0.06157765273817035,-0.36941802810279917,-0.3576904699622218,-0.3689019317763423,-0.35313231156852787,-0.02534234763241827,-0.4179649279618842,0.3482919594480214,-0.397705837892502,0.014900716568541899,-0.0193610353119349,-0.02144068105653528,0.012286381383013698,-0.35247563664270104,-0.3565622427104131,-0.35727341790567163,-0.36013121686762917,-0.09517264484283128,-0.42100829030566456,0.3722384507276809,-0.4050775789132123,0.0024124516904863334,-0.03188173267947292,-0.03025233171215459,-0.05449887442014069
-0.36941802810279917,-0.3576904699622218,-0.3689019317763423,-0.35313231156852787,-0.02534234763241827,-0.4179649279618842,0.3482919594480214,-0.397705837892502,0.014900716568541899,-0.0193610353119349,-0.02144068105653528,0.012286381383013698,-0.35247563664270104,-0.3565622427104131,-0.35727341790567163,-0.36013121686762917,-0.09517264484283128,-0.42100829030566456,0.3722384507276809,-0.4050775789132123,0.0024124516904863334,-0.03188173267947292,-0.03025233171215459,-0.05449887442014069,-0.35601346159728114,-0.3524134448000404,-0.3526044495857897,-0.35118449906557725,-0.0637440824992348,-0.420636837880521,0.26688129719716575,-0.4196520457458829,0.0505939910002673,0.015643925713469294,-0.04096435114125796,-0.027228595856801922
-0.35247563664270104,-0.3565622427104131,-0.35727341790567163,-0.36013121686762917,-0.09517264484283128,-0.42100829030566456,0.3722384507276809,-0.4050775789132123,0.0024124516904863334,-0.03188173267947292,-0.03025233171215459,-0.05449887442014069,-0.35601346159728114,-0.3524134448000404,-0.3526044495857897,-0.35118449906557725,-0.0637440824992348,-0.420636837880521,0.26688129719716575,-0.4196520457458829,0.0505939910002673,0.015643925713469294,-0.04096435114125796,-0.027228595856801922,-0.3493945422469031,-0.34681620174449684,-0.3457034168466658,-0.341903490317645,-0.06630377419152489,-0.417410786695978,0.070928103524621,-0.45968228994216986,0.07037182772367144,-0.016669821652735846,-0.11601790983668721,0.01811684029980625
-0.35601346159728114,-0.3524134448000404,-0.3526044495857897,-0.35118449906557725,-0.0637440824992348,-0.420636837880521,0.26688129719716575,-0.4196520457458829,0.0505939910002673,0.015643925713469294,-0.04096435114125796,-0.027228595856801922,-0.3493945422469031,-0.34681620174449684,-0.3457034168466658,-0.341903490317645,-0.06630377419152489,-0.417410786695978,0.070928103524621,-0.45968228994216986,0.07037182772367144,-0.016669821652735846,-0.11601790983668721,0.01811684029980625,-0.3406515301943664,-0.34808268050476515,-0.35365089190167903,-0.3585322447407182,0.0011194589057657023,-0.42287142254966925,0.26175981080771826,-0.4339839585804244,0.07267232136979163,-0.00554668533910342,0.005777802707948092,-0.05533886130639806
-0.3493945422469031,-0.34681620174449684,-0.3457034168466658,-0.341903490317645,-0.06630377419152489,-0.417410786695978,0.070928103524621,-0.45968228994216986,0.07037182772367144,-0.016669821652735846,-0.11601790983668721,0.01811684029980625,-0.3406515301943664,-0.34808268050476515,-0.35365089190167903,-0.3585322447407182,0.0011194589057657023,-0.42287142254966925,0.26175981080771826,-0.4339839585804244,0.07267232136979163,-0.00554668533910342,0.005777802707948092,-0.05533886130639806,-0.3603777556877729,-0.36833914644606186,-0.38628248204192933,-0.3881413874941946,0.20999507060848532,-0.42892862466401954,0.6844135663822783,-0.37300421054511684,-0.08193603031688614,-0.03923710014497112,0.1907598567425722,-0.0567985036702983
-0.3406515301943664,-0.34808268050476515,-0.35365089190167903,-0.3585322447407182,0.0011194589057657023,-0.42287142254966925,0.26175981080771826,-0.4339839585804244,0.07267232136979163,-0.00554668533910342,0.005777802707948092,-0.05533886130639806,-0.3603777556877729,-0.36833914644606186,-0.38628248204192933,-0.3881413874941946,0.20999507060848532,-0.42892862466401954,0.6844135663822783,-0.37300421054511684,-0.08193603031688614,-0.03923710014497112,0.1907598567425722,-0.0567985036702983,-0.38647643762864886,-0.38684880642311453,-0.3911270780779475,-0.38505975364826317,0.3591932988566705,-0.425611077399314,0.6814692332865177,-0.35570351218896756,-0.09471365413060479,-0.002831424368039678,0.08731128817342697,0.12742381969793373
-0.3603777556877729,-0.36833914644606186,-0.38628248204192933,-0.3881413874941946,0.20999507060848532,-0.42892862466401954,0.6844135663822783,-0.37300421054511684,-0.08193603031688614,-0.03923710014497112,0.1907598567425722,-0.0567985036702983,-0.38647643762864886,-0.38684880642311453,-0.3911270780779475,-0.38505975364826317,0.3591932988566705,-0.425611077399314,0.6814692332865177,-0.35570351218896756,-0.09471365413060479,-0.002831424368039678,0.08731128817342697,0.12742381969793373,-0.38636767499647723,-0.394433107844486,-0.4038386600236526,-0.3991157634206661,0.19009148036265955,-0.42636099725326926,0.835137560242097,-0.34524988700641485,-0.10881206508993771,0.015766456474636856,0.025541659073309752,0.049389682281473765
-0.38647643762864886,-0.38684880642311453,-0.3911270780779475,-0.38505975364826317,0.3591932988566705,-0.425611077399314,0.6814692332865177,-0.35570351218896756,-0.09471365413060479,-0.002831424368039678,0.08731128817342697,0.12742381969793373,-0.38636767499647723,-0.394433107844486,-0.4038386600236526,-0.3991157634206661,0.19009148036265955,-0.42636099725326926,0.835137560242097,-0.34524988700641485,-0.10881206508993771,0.015766456474636856,0.025541659073309752,0.049389682281473765,-0.3945235131030009,-0.3907792090061923,-0.39157347281284244,-0.3882576085080145,0.0354781527952569,-0.42456089257132446,0.667919763040849,-0.3702925348132561,-0.018718244123660133,0.046657442351158325,-0.07919349409509702,0.07985390640317055
-0.38636767499647723,-0.394433107844486,-0.4038386600236526,-0.3991157634206661,0.19009148036265955,-0.42636099725326926,0.835137560242097,-0.34524988700641485,-0.10881206508993771,0.015766456474636856,0.025541659073309752,0.049389682281473765,-0.3945235131030009,-0.3907792090061923,-0.39157347281284244,-0.3882576085080145,0.0354781527952569,-0.42456089257132446,0.667919763040849,-0.3702925348132561,-0.018718244123660133,0.046657442351158325,-0.07919349409509702,0.07985390640317055,-0.38383030314111427,-0.38128790278250174,-0.38046451737783943,-0.37718874668228186,0.0032308070842509418,-0.4217628557743286,0.5154227670694076,-0.3940353035840581,0.014398874705885382,0.07566515026838457,-0.07053306916528737,0.08530757848628594
-0.3945235131030009,-0.3907792090061923,-0.39157347281284244,-0.3882576085080145,0.0354781527952569,-0.42456089257132446,0.667919763040849,-0.3702925348132561,-0.018718244123660133,0.046657442351158325,-0.07919349409509702,0.07985390640317055,-0.38383030314111427,-0.38128790278250174,-0.38046451737783943,-0.37718874668228186,0.0032308070842509418,-0.4217628557743286,0.5154227670694076,-0.3940353035840581,0.014398874705885382,0.07566515026838457,-0.07053306916528737,0.08530757848628594,-0.3735576292159381,-0.3716509703167043,-0.3700947900431069,-0.36996458576672087,-0.02758088546020987,-0.42180474690709957,0.3190075397967435,-0.4401626228536172,0.12564389277250299,0.04967975121557557,-0.09112155231606495,0.02611031926885112
-0.38383030314111427,-0.38128790278250174,-0.38046451737783943,-0.37718874668228186,0.0032308070842509418,-0.4217628557743286,0.5154227670694076,-0.3940353035840581,0.014398874705885382,0.07566515026838457,-0.07053306916528737,0.08530757848628594,-0.3735576292159381,-0.3716509703167043,-0.3700947900431069,-0.36996458576672087,-0.02758088546020987,-0.42180474690709957,0.3190075397967435,-0.4401626228536172,0.12564389277250299,0.04967975121557557,-0.09112155231606495,0.02611031926885112,-0.37016476141560134,-0.37465705863462645,-0.37403185570727243,-0.3749938540542419,0.22880959948212554,-0.4240962528816105,0.32633808564936306,-0.4595306818675834,0.15965502032485873,0.05199601438440108,0.10218625652913307,0.09893350446122552
-0.3735576292159381,-0.3716509703167043,-0.3700947900431069,-0.36996458576672087,-0.02758088546020987,-0.42180474690709957,0.3190075397967435,-0.4401626228536172,0.12564389277250299,0.04967975121557557,-0.09112155231606495,0.02611031926885112,-0.37016476141560134,-0.37465705863462645,-0.37403185570727243,-0.3749938540542419,0.22880959948212554,-0.4240962528816105,0.32633808564936306,-0.4595306818675834,0.15965502032485873,0.05199601438440108,0.10218625652913307,0.09893350446122552,-0.37113618770575657,-0.3668907013008908,-0.3676504714167708,-0.3686854438228204,-0.06889367342552521,-0.4259378926420725,0.20285820210294034,-0.4820550831001688,0.19838275053619892,-0.025120261644839954,0.010825627121031014,-0.04081912997080854
-0.37016476141560134,-0.37465705863462645,-0.37403185570727243,-0.3749938540542419,0.22880959948212554,-0.4240962528816105,0.32633808564936306,-0.4595306818675834,0.15965502032485873,0.05199601438440108,0.10218625652913307,0.09893350446122552,-0.37113618770575657,-0.3668907013008908,-0.3676504714167708,-0.3686854438228204,-0.06889367342552521,-0.4259378926420725,0.20285820210294034,-0.4820550831001688,0.19838275053619892,-0.025120261644839954,0.010825627121031014,-0.04081912997080854,-0.3678665955796409,-0.36860116712233876,-0.36985323405779696,-0.36932501479477065,-0.035118462052226795,-0.4267778005062186,0.20411211989564312,-0.4882211640991281,0.16508277855608447,-0.053206778564284074,0.06719644659859476,0.01586985135918302
-0.37113618770575657,-0.3668907013008908,-0.3676504714167708,-0.3686854438228204,-0.06889367342552521,-0.4259378926420725,0.20285820210294034,-0.4820550831001688,0.19838275053619892,-0.025120261644839954,0.010825627121031014,-0.04081912997080854,-0.3678665955796409,-0.36860116712233876,-0.36985323405779696,-0.36932501479477065,-0.035118462052226795,-0.4267778005062186,0.20411211989564312,-0.4882211640991281,0.16508277855608447,-0.053206778564284074,0.06719644659859476,0.01586985135918302,-0.36990378547064345,-0.37245160421363827,-0.37146327602600776,-0.36835833928812045,-0.2499227012832382,-0.42524413495033453,0.22091578758516567,-0.47860884375671264,0.19277831458044412,-0.07596361241511541,-0.040662079915550924,-0.09407221804986614
-0.3678665955796409,-0.36860116712233876,-0.36985323405779696,-0.36932501479477065,-0.035118462052226795,-0.4267778005062186,0.20411211989564312,-0.4882211640991281,0.16508277855608447,-0.053206778564284074,0.06719644659859476,0.01586985135918302,-0.36990378547064345,-0.37245160421363827,-0.37146327602600776,-0.36835833928812045,-0.2499227012832382,-0.42524413495033453,0.22091578758516567,-0.47860884375671264,0.19277831458044412,-0.07596361241511541,-0.040662079915550924,-0.09407221804986614,-0.36470576608569666,-0.36291658384136966,-0.364042684851216,-0.35638100112993776,-0.1437050352768978,-0.4212639749061899,0.013686992985076031,-0.5225087620182214,0.3012598068998355,0.04750696199454564,-0.06838399793039976,-0.0032139144517339254
-0.36990378547064345,-0.37245160421363827,-0.37146327602600776,-0.36835833928812045,-0.2499227012832382,-0.42524413495033453,0.22091578758516567,-0.47860884375671264,0.19277831458044412,-0.07596361241511541,-0.040662079915550924,-0.09407221804986614,-0.36470576608569666,-0.36291658384136966,-0.364042684851216,-0.35638100112993776,-0.1437050352768978,-0.4212639749061899,0.013686992985076031,-0.5225087620182214,0.3012598068998355,0.04750696199454564,-0.06838399793039976,-0.0032139144517339254,-0.35343263833634014,-0.3537381207773939,-0.34977966376191977,-0.35015252664083696,-0.0037248768621895856,-0.4202084206053486,-0.0804466111167844,-0.5344575024155171,0.24938284519356982,0.03172958284187197,0.026085841942724015,-0.03256709990924692
-0.36470576608569666,-0.36291658384136966,-0.364042684851216,-0.35638100112993776,-0.1437050352768978,-0.4212639749061899,0.013686992985076031,-0.5225087620182214,0.3012598068998355,0.04750696199454564,-0.06838399793039976,-0.0032139144517339254,-0.35343263833634014,-0.3537381207773939,-0.34977966376191977,-0.35015252664083696,-0.0037248768621895856,-0.4202084206053486,-0.0804466111167844,-0.5344575024155171,0.24938284519356982,0.03172958284187197,0.026085841942724015,-0.03256709990924692,-0.3471326601035109,-0.34682339815108726,-0.34342016506031287,-0.34153291410026565,-0.0608377990125849,-0.4169440597395252,-0.22492315376838024,-0.5608795952455776,0.225913108140576,-0.04780313137965118,-0.05881941857979266,-0.0648698315474083
-0.35343263833634014,-0.3537381207773939,-0.34977966376191977,-0.35015252664083696,-0.0037248768621895856,-0.4202084206053486,-0.0804466111167844,-0.5344575024155171,0.24938284519356982,0.03172958284187197,0.026085841942724015,-0.03256709990924692,-0.3471326601035109,-0.34682339815108726,-0.34342016506031287,-0.34153291410026565,-0.0608377990125849,-0.4169440597395252,-0.22492315376838024,-0.5608795952455776,0.225913108140576,-0.04780313137965118,-0.05881941857979266,-0.0648698315474083,-0.34084719563769433,-0.3441011883115965,-0.33992940484990003,-0.34131484416820546,-0.08378758135929765,-0.41709805759969665,-0.20036275844530363,-0.543041576311679,0.09992367836126761,-0.11173005252404856,-0.07262299108076394,-0.08809394270419389
-0.3471326601035109,-0.34682339815108726,-0.34342016506031287,-0.34153291410026565,-0.0608377990125849,-0.4169440597395252,-0.22492315376838024,-0.5608795952455776,0.225913108140576,-0.04780313137965118,-0.05881941857979266,-0.0648698315474083,-0.34084719563769433,-0.3441011883115965,-0.33992940484990003,-0.34131484416820546,-0.08378758135929765,-0.41709805759969665,-0.20036275844530363,-0.543041576311679,0.09992367836126761,-0.11173005252404856,-0.07262299108076394,-0.08809394270419389,-0.33660617794638664,-0.33048285245222647,-0.3327942315829749,-0.3250349301211717,-0.014575743818636577,-0.4126713140126165,-0.4157062398291825,-0.5761773499366772,0.047910176882348436,-0.14948319901039803,-0.05966748240006759,0.038661454146068946
-0.34084719563769433,-0.3441011883115965,-0.33992940484990003,-0.34131484416820546,-0.08378758135929765,-0.41709805759969665,-0.20036275844530363,-0.543041576311679,0.09992367836126761,-0.11173005252404856,-0.07262299108076394,-0.08809394270419389,-0.33660617794638664,-0.33048285245222647,-0.3327942315829749,-0.3250349301211717,-0.014575743818636577,-0.4126713140126165,-0.4157062398291825,-0.5761773499366772,0.047910176882348436,-0.14948319901039803,-0.05966748240006759,0.038661454146068946,-0.3236655988831569,-0.32789169771460486,-0.3218756440343585,-0.32127752942586185,-0.0793264044098777,-0.40798210417103575,-0.3923256032568909,-0.5573104890186892,0.00039110839660473276,-0.14287102596286824,0.008049675564375434,0.0005631474634938385
-0.33660617794638664,-0.33048285245222647,-0.3327942315829749,-0.3250349301211717,-0.014575743818636577,-0.4126713140126165,-0.4157062398291825,-0.5761773499366772,0.047910176882348436,-0.14948319901039803,-0.05966748240006759,0.038661454146068946,-0.3236655988831569,-0.32789169771460486,-0.3218756440343585,-0.32127752942586185,-0.0793264044098777,-0.40798210417103575,-0.3923256032568909,-0.5573104890186892,0.00039110839660473276,-0.14287102596286824,0.008049675564375434,0.0005631474634938385,-0.32052653931476843,-0.32474726836076234,-0.31780672256365855,-0.31959862228341107,-0.14544435373116196,-0.40639245283780234,-0.4091738586067804,-0.5525846721439505,-0.025676893725394594,-0.1267577610218646,-0.002356529159719667,-0.015460152853800601
-0.3236655988831569,-0.32789169771460486,-0.3218756440343585,-0.32127752942586185,-0.0793264044098777,-0.40798210417103575,-0.3923256032568909,-0.5573104890186892,0.00039110839660473276,-0.14287102596286824,0.008049675564375434,0.0005631474634938385,-0.32052653931476843,-0.32474726836076234,-0.31780672256365855,-0.31959862228341107,-0.14544435373116196,-0.40639245283780234,-0.4091738586067804,-0.5525846721439505,-0.025676893725394594,-0.1267577610218646,-0.002356529159719667,-0.015460152853800601,-0.31827191405488237,-0.3253150253176251,-0.3222342249111854,-0.3241337288671917,-0.0725471961018499,-0.4076121658815332,-0.27004565597920194,-0.5211365434763472,-0.06426996741388716,-0.09761958323343385,0.03275714082189268,0.005541642981258882
-0.32052653931476843,-0.32474726836076234,-0.31780672256365855,-0.31959862228341107,-0.14544435373116196,-0.40639245283780234,-0.4091738586067804,-0.5525846721439505,-0.025676893725394594,-0.1267577610218646,-0.002356529159719667,-0.015460152853800601,-0.31827191405488237,-0.3253150253176251,-0.3222342249111854,-0.3241337288671917,-0.0725471961018499,-0.4076121658815332,-0.27004565597920194,-0.5211365434763472,-0.06426996741388716,-0.09761958323343385,0.03275714082189268,0.005541642981258882,-0.3217444285078323,-0.324572587909911,-0.31779207240636304,-0.32075417946773155,-0.06114305417092014,-0.4082096843051618,-0.2797140990512463,-0.513412676061539,-0.08144402795950999,-0.1123856661654976,-0.0545454362371809,-0.03547414507466102
-0.31827191405488237,-0.3253150253176251,-0.3222342249111854,-0.3241337288671917,-0.0725471961018499,-0.4076121658815332,-0.27004565597920194,-0.5211365434763472,-0.06426996741388716,-0.09761958323343385,0.03275714082189268,0.005541642981258882,-0.3217444285078323,-0.324572587909911,-0.31779207240636304,-0.32075417946773155,-0.06114305417092014,-0.4082096843051618,-0.2797140990512463,-0.513412676061539,-0.08144402795950999,-0.1123856661654976,-0.0545454362371809,-0.03547414507466102,-0.31946803259742723,-0.31848035698269256,-0.3154941697309022,-0.31460563999417035,-0.013617051836990135,-0.40619279510879636,-0.35375770021187064,-0.5210025708909763,-0.016016202709602207,0.016401197301780298,-0.0047432754714323575,0.07276536923271032
-0.3217444285078323,-0.324572587909911,-0.31779207240636304,-0.32075417946773155,-0.06114305417092014,-0.4082096843051618,-0.2797140990512463,-0.513412676061539,-0.08144402795950999,-0.1123856661654976,-0.0545454362371809,-0.03547414507466102,-0.31946803259742723,-0.31848035698269256,-0.3154941697309022,-0.31460563999417035,-0.013617051836990135,-0.40619279510879636,-0.35375770021187064,-0.5210025708909763,-0.016016202709602207,0.016401197301780298,-0.0047432754714323575,0.07276536923271032,-0.31577073744655454,-0.31923007959659294,-0.3132768454819104,-0.31262881657140973,-0.03743172379898585,-0.40109699585487735,-0.35866105921076585,-0.5125214757784409,-0.045638667081250806,0.005130360378249069,-0.0020414087905099307,0.03193755479760821
-0.31946803259742723,-0.31848035698269256,-0.3154941697309022,-0.31460563999417035,-0.013617051836990135,-0.40619279510879636,-0.35375770021187064,-0.5210025708909763,-0.016016202709602207,0.016401197301780298,-0.0047432754714323575,0.07276536923271032,-0.31577073744655454,-0.31923007959659294,-0.3132768454819104,-0.31262881657140973,-0.03743172379898585,-0.40109699585487735,-0.35866105921076585,-0.5125214757784409,-0.045638667081250806,0.005130360378249069,-0.0020414087905099307,0.03193755479760821,-0.3097825326182641,-0.3152122479884935,-0.30845413576659914,-0.31012864391729966,-0.12065350121074012,-0.39937924024840243,-0.3794163075930702,-0.5104873187547505,-0.035860503722677746,0.0862804315812472,0.07555237373589574,0.09913079655209432
