buy S&P500_unscaled,buy S&P500_monthly,scale,buy S&P500
0,0.0,0.0,0.0
0,0.0,0.0,0.0
0,0.0,0.0,0.0
0,0.0,0.0,0.0
100,0.0,0.0,0.0
0,0.0,0.0,0.0
0,0.0,0.0,0.0
0,0.0,0.0,0.0
0,0.0,0.0,0.0
0,0.0,0.0,0.0
0,0.0,0.0,0.0
0,0.0,0.0,0.0
0,0.0,0.0,0.0
0,0.0,0.0,0.0
77,0.0,0.0,0.0
0,0.0,0.0,0.0
0,0.0,0.0,0.0
0,0.0,0.0,0.0
0,0.0,0.0,0.0
0,0.0,0.0,0.0
0,0.0,0.0,0.0
0,0.0,0.0,0.0
79,0.0,0.0,0.0
0,0.0,0.0,0.0
0,0.0,0.0,0.0
0,0.0,0.0,0.0
0,0.0,0.0,0.0
0,0.0,0.0,0.0
0,0.0,0.0,0.0
0,0.0,0.0,0.0
0,0.0,0.0,0.0
0,0.0,0.0,0.0
0,0.0,0.0,0.0
0,0.0,0.0,0.0
0,0.0,0.0,0.0
0,0.0,0.0,0.0
0,0.0,0.0,0.0
0,0.0,0.0,0.0
0,0.0,0.0,0.0
0,0.0,0.0,0.0
0,0.0,0.0,0.0
0,0.0,0.0,0.0
0,0.0,0.0,0.0
0,0.0,0.0,0.0
0,0.0,0.0,0.0
0,0.0,0.0,0.0
0,0.0,0.0,0.0
0,0.0,0.0,0.0
0,0.0,0.0,0.0
0,0.0,0.0,0.0
100,0.0,0.0,0.0
0,0.0,0.0,0.0
0,0.0,0.0,0.0
0,0.0,0.0,0.0
0,0.0,0.0,0.0
0,0.0,0.0,0.0
0,0.0,0.0,0.0
0,0.0,0.0,0.0
0,0.0,0.0,0.0
0,65.0,0.65,0.0
0,65.0,0.65,0.0
0,65.0,0.65,0.0
100,65.0,0.65,65.0
0,65.0,0.65,0.0
0,65.0,0.65,0.0
0,65.0,0.65,0.0
0,65.0,0.65,0.0
0,65.0,0.65,0.0
0,65.0,0.65,0.0
0,65.0,0.65,0.0
94,65.0,0.65,61.1
0,65.0,0.65,0.0
0,65.0,0.65,0.0
0,65.0,0.65,0.0
0,65.0,0.65,0.0
0,65.0,0.65,0.0
0,65.0,0.65,0.0
99,65.0,0.65,64.35000000000001
0,65.0,0.65,0.0
0,65.0,0.65,0.0
0,65.0,0.65,0.0
0,65.0,0.65,0.0
0,65.0,0.65,0.0
0,65.0,0.65,0.0
0,65.0,0.65,0.0
0,65.0,0.65,0.0
0,65.0,0.65,0.0
0,65.0,0.65,0.0
0,65.0,0.65,0.0
0,65.0,0.65,0.0
0,67.0,0.67,0.0
0,67.0,0.67,0.0
0,67.0,0.67,0.0
0,67.0,0.67,0.0
0,67.0,0.67,0.0
0,67.0,0.67,0.0
0,67.0,0.67,0.0
0,67.0,0.67,0.0
0,67.0,0.67,0.0
0,67.0,0.67,0.0
0,67.0,0.67,0.0
93,67.0,0.67,62.31
0,67.0,0.67,0.0
0,67.0,0.67,0.0
0,67.0,0.67,0.0
0,67.0,0.67,0.0
0,67.0,0.67,0.0
0,67.0,0.67,0.0
0,67.0,0.67,0.0
0,67.0,0.67,0.0
100,67.0,0.67,67.0
0,67.0,0.67,0.0
0,67.0,0.67,0.0
0,67.0,0.67,0.0
0,67.0,0.67,0.0
0,67.0,0.67,0.0
0,67.0,0.67,0.0
0,67.0,0.67,0.0
0,67.0,0.67,0.0
0,67.0,0.67,0.0
0,33.0,0.33,0.0
0,33.0,0.33,0.0
80,33.0,0.33,26.400000000000002
0,33.0,0.33,0.0
0,33.0,0.33,0.0
0,33.0,0.33,0.0
0,33.0,0.33,0.0
0,33.0,0.33,0.0
0,33.0,0.33,0.0
0,33.0,0.33,0.0
0,33.0,0.33,0.0
0,33.0,0.33,0.0
0,33.0,0.33,0.0
0,33.0,0.33,0.0
0,33.0,0.33,0.0
0,33.0,0.33,0.0
0,33.0,0.33,0.0
0,33.0,0.33,0.0
0,33.0,0.33,0.0
0,33.0,0.33,0.0
0,33.0,0.33,0.0
0,33.0,0.33,0.0
0,33.0,0.33,0.0
0,33.0,0.33,0.0
0,33.0,0.33,0.0
0,33.0,0.33,0.0
100,33.0,0.33,33.0
0,33.0,0.33,0.0
0,33.0,0.33,0.0
0,33.0,0.33,0.0
0,33.0,0.33,0.0
0,0.0,0.0,0.0
0,0.0,0.0,0.0
0,0.0,0.0,0.0
0,0.0,0.0,0.0
0,0.0,0.0,0.0
0,0.0,0.0,0.0
0,0.0,0.0,0.0
0,0.0,0.0,0.0
0,0.0,0.0,0.0
0,0.0,0.0,0.0
0,0.0,0.0,0.0
0,0.0,0.0,0.0
0,0.0,0.0,0.0
0,0.0,0.0,0.0
0,0.0,0.0,0.0
0,0.0,0.0,0.0
0,0.0,0.0,0.0
100,0.0,0.0,0.0
0,0.0,0.0,0.0
0,0.0,0.0,0.0
0,0.0,0.0,0.0
0,0.0,0.0,0.0
0,0.0,0.0,0.0
0,0.0,0.0,0.0
0,0.0,0.0,0.0
0,0.0,0.0,0.0
0,0.0,0.0,0.0
0,0.0,0.0,0.0
0,0.0,0.0,0.0
0,0.0,0.0,0.0
0,30.0,0.3,0.0
0,30.0,0.3,0.0
0,30.0,0.3,0.0
0,30.0,0.3,0.0
0,30.0,0.3,0.0
0,30.0,0.3,0.0
0,30.0,0.3,0.0
0,30.0,0.3,0.0
0,30.0,0.3,0.0
0,30.0,0.3,0.0
98,30.0,0.3,29.4
0,30.0,0.3,0.0
0,30.0,0.3,0.0
0,30.0,0.3,0.0
0,30.0,0.3,0.0
0,30.0,0.3,0.0
100,30.0,0.3,30.0
0,30.0,0.3,0.0
0,30.0,0.3,0.0
0,30.0,0.3,0.0
0,30.0,0.3,0.0
0,30.0,0.3,0.0
0,30.0,0.3,0.0
0,30.0,0.3,0.0
0,30.0,0.3,0.0
0,30.0,0.3,0.0
0,30.0,0.3,0.0
0,30.0,0.3,0.0
0,30.0,0.3,0.0
0,30.0,0.3,0.0
0,30.0,0.3,0.0
0,58.0,0.58,0.0
0,58.0,0.58,0.0
0,58.0,0.58,0.0
0,58.0,0.58,0.0
0,58.0,0.58,0.0
0,58.0,0.58,0.0
0,58.0,0.58,0.0
0,58.0,0.58,0.0
0,58.0,0.58,0.0
100,58.0,0.58,57.99999999999999
0,58.0,0.58,0.0
86,58.0,0.58,49.879999999999995
86,58.0,0.58,49.879999999999995
0,58.0,0.58,0.0
0,58.0,0.58,0.0
0,58.0,0.58,0.0
0,58.0,0.58,0.0
0,58.0,0.58,0.0
0,58.0,0.58,0.0
87,58.0,0.58,50.459999999999994
0,58.0,0.58,0.0
0,58.0,0.58,0.0
0,58.0,0.58,0.0
0,58.0,0.58,0.0
0,58.0,0.58,0.0
0,58.0,0.58,0.0
0,58.0,0.58,0.0
0,58.0,0.58,0.0
0,58.0,0.58,0.0
0,58.0,0.58,0.0
0,61.0,0.61,0.0
0,61.0,0.61,0.0
0,61.0,0.61,0.0
0,61.0,0.61,0.0
0,61.0,0.61,0.0
0,61.0,0.61,0.0
0,61.0,0.61,0.0
0,61.0,0.61,0.0
91,61.0,0.61,55.51
0,61.0,0.61,0.0
0,61.0,0.61,0.0
0,61.0,0.61,0.0
0,61.0,0.61,0.0
0,61.0,0.61,0.0
0,61.0,0.61,0.0
0,61.0,0.61,0.0
0,61.0,0.61,0.0
0,61.0,0.61,0.0
0,61.0,0.61,0.0
0,61.0,0.61,0.0
0,61.0,0.61,0.0
0,61.0,0.61,0.0
0,61.0,0.61,0.0
0,61.0,0.61,0.0
0,61.0,0.61,0.0
0,61.0,0.61,0.0
0,61.0,0.61,0.0
0,61.0,0.61,0.0
0,61.0,0.61,0.0
100,61.0,0.61,61.0
0,61.0,0.61,0.0
0,0.0,0.0,0.0
0,0.0,0.0,0.0
0,0.0,0.0,0.0
0,0.0,0.0,0.0
0,0.0,0.0,0.0
0,0.0,0.0,0.0
0,0.0,0.0,0.0
0,0.0,0.0,0.0
0,0.0,0.0,0.0
0,0.0,0.0,0.0
0,0.0,0.0,0.0
0,0.0,0.0,0.0
0,0.0,0.0,0.0
0,0.0,0.0,0.0
0,0.0,0.0,0.0
0,0.0,0.0,0.0
0,0.0,0.0,0.0
100,0.0,0.0,0.0
0,0.0,0.0,0.0
0,0.0,0.0,0.0
0,0.0,0.0,0.0
0,0.0,0.0,0.0
0,0.0,0.0,0.0
0,0.0,0.0,0.0
0,0.0,0.0,0.0
0,0.0,0.0,0.0
0,0.0,0.0,0.0
0,0.0,0.0,0.0
0,27.0,0.27,0.0
100,27.0,0.27,27.0
0,27.0,0.27,0.0
0,27.0,0.27,0.0
0,27.0,0.27,0.0
0,27.0,0.27,0.0
0,27.0,0.27,0.0
0,27.0,0.27,0.0
0,27.0,0.27,0.0
0,27.0,0.27,0.0
0,27.0,0.27,0.0
0,27.0,0.27,0.0
0,27.0,0.27,0.0
0,27.0,0.27,0.0
0,27.0,0.27,0.0
0,27.0,0.27,0.0
0,27.0,0.27,0.0
0,27.0,0.27,0.0
0,27.0,0.27,0.0
0,27.0,0.27,0.0
0,27.0,0.27,0.0
0,27.0,0.27,0.0
0,27.0,0.27,0.0
0,27.0,0.27,0.0
0,27.0,0.27,0.0
0,27.0,0.27,0.0
0,27.0,0.27,0.0
0,27.0,0.27,0.0
0,27.0,0.27,0.0
0,27.0,0.27,0.0
0,27.0,0.27,0.0
0,0.0,0.0,0.0
0,0.0,0.0,0.0
88,0.0,0.0,0.0
0,0.0,0.0,0.0
0,0.0,0.0,0.0
0,0.0,0.0,0.0
0,0.0,0.0,0.0
0,0.0,0.0,0.0
0,0.0,0.0,0.0
0,0.0,0.0,0.0
0,0.0,0.0,0.0
0,0.0,0.0,0.0
0,0.0,0.0,0.0
0,0.0,0.0,0.0
0,0.0,0.0,0.0
0,0.0,0.0,0.0
0,0.0,0.0,0.0
100,0.0,0.0,0.0
0,0.0,0.0,0.0
0,0.0,0.0,0.0
0,0.0,0.0,0.0
87,0.0,0.0,0.0
0,0.0,0.0,0.0
0,0.0,0.0,0.0
0,0.0,0.0,0.0
0,0.0,0.0,0.0
0,0.0,0.0,0.0
0,0.0,0.0,0.0
0,0.0,0.0,0.0
0,0.0,0.0,0.0
0,29.0,0.29,0.0
0,29.0,0.29,0.0
0,29.0,0.29,0.0
0,29.0,0.29,0.0
0,29.0,0.29,0.0
0,29.0,0.29,0.0
0,29.0,0.29,0.0
0,29.0,0.29,0.0
0,29.0,0.29,0.0
0,29.0,0.29,0.0
0,29.0,0.29,0.0
0,29.0,0.29,0.0
0,29.0,0.29,0.0
0,29.0,0.29,0.0
0,29.0,0.29,0.0
0,29.0,0.29,0.0
0,29.0,0.29,0.0
0,29.0,0.29,0.0
0,29.0,0.29,0.0
0,29.0,0.29,0.0
0,29.0,0.29,0.0
0,29.0,0.29,0.0
0,29.0,0.29,0.0
0,29.0,0.29,0.0
0,29.0,0.29,0.0
0,29.0,0.29,0.0
100,29.0,0.29,28.999999999999996
0,29.0,0.29,0.0
0,29.0,0.29,0.0
0,29.0,0.29,0.0
0,29.0,0.29,0.0
0,63.0,0.63,0.0
0,63.0,0.63,0.0
0,63.0,0.63,0.0
0,63.0,0.63,0.0
85,63.0,0.63,53.55
0,63.0,0.63,0.0
0,63.0,0.63,0.0
0,63.0,0.63,0.0
83,63.0,0.63,52.29
0,63.0,0.63,0.0
0,63.0,0.63,0.0
0,63.0,0.63,0.0
0,63.0,0.63,0.0
0,63.0,0.63,0.0
0,63.0,0.63,0.0
0,63.0,0.63,0.0
0,63.0,0.63,0.0
82,63.0,0.63,51.660000000000004
0,63.0,0.63,0.0
0,63.0,0.63,0.0
0,63.0,0.63,0.0
0,63.0,0.63,0.0
0,63.0,0.63,0.0
0,63.0,0.63,0.0
0,63.0,0.63,0.0
0,63.0,0.63,0.0
0,63.0,0.63,0.0
0,63.0,0.63,0.0
100,63.0,0.63,63.0
0,63.0,0.63,0.0
0,31.0,0.31,0.0
0,31.0,0.31,0.0
0,31.0,0.31,0.0
0,31.0,0.31,0.0
0,31.0,0.31,0.0
0,31.0,0.31,0.0
0,31.0,0.31,0.0
0,31.0,0.31,0.0
83,31.0,0.31,25.73
0,31.0,0.31,0.0
0,31.0,0.31,0.0
0,31.0,0.31,0.0
0,31.0,0.31,0.0
0,31.0,0.31,0.0
0,31.0,0.31,0.0
0,31.0,0.31,0.0
0,31.0,0.31,0.0
0,31.0,0.31,0.0
0,31.0,0.31,0.0
100,31.0,0.31,31.0
0,31.0,0.31,0.0
0,31.0,0.31,0.0
0,31.0,0.31,0.0
0,31.0,0.31,0.0
0,31.0,0.31,0.0
0,31.0,0.31,0.0
0,31.0,0.31,0.0
87,31.0,0.31,26.97
0,31.0,0.31,0.0
0,31.0,0.31,0.0
0,31.0,0.31,0.0
0,31.0,0.31,0.0
0,31.0,0.31,0.0
0,31.0,0.31,0.0
0,31.0,0.31,0.0
0,31.0,0.31,0.0
0,31.0,0.31,0.0
100,31.0,0.31,31.0
73,31.0,0.31,22.63
0,31.0,0.31,0.0
0,31.0,0.31,0.0
0,31.0,0.31,0.0
0,31.0,0.31,0.0
0,31.0,0.31,0.0
0,31.0,0.31,0.0
0,31.0,0.31,0.0
0,31.0,0.31,0.0
0,31.0,0.31,0.0
0,31.0,0.31,0.0
0,31.0,0.31,0.0
0,31.0,0.31,0.0
0,31.0,0.31,0.0
0,31.0,0.31,0.0
0,31.0,0.31,0.0
0,31.0,0.31,0.0
0,31.0,0.31,0.0
0,31.0,0.31,0.0
0,31.0,0.31,0.0
0,31.0,0.31,0.0
0,31.0,0.31,0.0
79,31.0,0.31,24.49
0,31.0,0.31,0.0
0,91.0,0.91,0.0
0,91.0,0.91,0.0
93,91.0,0.91,84.63000000000001
0,91.0,0.91,0.0
0,91.0,0.91,0.0
0,91.0,0.91,0.0
0,91.0,0.91,0.0
0,91.0,0.91,0.0
0,91.0,0.91,0.0
0,91.0,0.91,0.0
0,91.0,0.91,0.0
100,91.0,0.91,91.0
0,91.0,0.91,0.0
0,91.0,0.91,0.0
0,91.0,0.91,0.0
0,91.0,0.91,0.0
0,91.0,0.91,0.0
0,91.0,0.91,0.0
0,91.0,0.91,0.0
0,91.0,0.91,0.0
0,91.0,0.91,0.0
0,91.0,0.91,0.0
0,91.0,0.91,0.0
0,91.0,0.91,0.0
95,91.0,0.91,86.45
99,91.0,0.91,90.09
0,91.0,0.91,0.0
0,91.0,0.91,0.0
0,91.0,0.91,0.0
0,91.0,0.91,0.0
0,28.0,0.28,0.0
0,28.0,0.28,0.0
0,28.0,0.28,0.0
0,28.0,0.28,0.0
0,28.0,0.28,0.0
95,28.0,0.28,26.6
0,28.0,0.28,0.0
0,28.0,0.28,0.0
0,28.0,0.28,0.0
100,28.0,0.28,28.000000000000004
0,28.0,0.28,0.0
0,28.0,0.28,0.0
96,28.0,0.28,26.880000000000003
93,28.0,0.28,26.040000000000003
0,28.0,0.28,0.0
0,28.0,0.28,0.0
0,28.0,0.28,0.0
0,28.0,0.28,0.0
0,28.0,0.28,0.0
0,28.0,0.28,0.0
0,28.0,0.28,0.0
0,28.0,0.28,0.0
0,28.0,0.28,0.0
0,28.0,0.28,0.0
0,28.0,0.28,0.0
0,28.0,0.28,0.0
0,28.0,0.28,0.0
0,28.0,0.28,0.0
94,28.0,0.28,26.320000000000004
0,28.0,0.28,0.0
0,28.0,0.28,0.0
0,43.0,0.43,0.0
100,43.0,0.43,43.0
0,43.0,0.43,0.0
0,43.0,0.43,0.0
0,43.0,0.43,0.0
87,43.0,0.43,37.41
0,43.0,0.43,0.0
0,43.0,0.43,0.0
0,43.0,0.43,0.0
0,43.0,0.43,0.0
0,43.0,0.43,0.0
0,43.0,0.43,0.0
0,43.0,0.43,0.0
0,43.0,0.43,0.0
0,43.0,0.43,0.0
0,43.0,0.43,0.0
0,43.0,0.43,0.0
0,43.0,0.43,0.0
89,43.0,0.43,38.269999999999996
0,43.0,0.43,0.0
0,43.0,0.43,0.0
0,43.0,0.43,0.0
0,43.0,0.43,0.0
0,43.0,0.43,0.0
0,43.0,0.43,0.0
0,43.0,0.43,0.0
0,43.0,0.43,0.0
0,43.0,0.43,0.0
0,43.0,0.43,0.0
0,43.0,0.43,0.0
0,71.0,0.71,0.0
0,71.0,0.71,0.0
0,71.0,0.71,0.0
0,71.0,0.71,0.0
0,71.0,0.71,0.0
0,71.0,0.71,0.0
100,71.0,0.71,71.0
0,71.0,0.71,0.0
0,71.0,0.71,0.0
0,71.0,0.71,0.0
91,71.0,0.71,64.61
92,71.0,0.71,65.32
0,71.0,0.71,0.0
0,71.0,0.71,0.0
0,71.0,0.71,0.0
0,71.0,0.71,0.0
0,71.0,0.71,0.0
0,71.0,0.71,0.0
0,71.0,0.71,0.0
0,71.0,0.71,0.0
0,71.0,0.71,0.0
93,71.0,0.71,66.03
0,71.0,0.71,0.0
0,71.0,0.71,0.0
0,71.0,0.71,0.0
0,71.0,0.71,0.0
0,71.0,0.71,0.0
0,71.0,0.71,0.0
0,71.0,0.71,0.0
94,71.0,0.71,66.74
0,71.0,0.71,0.0
0,26.0,0.26,0.0
0,26.0,0.26,0.0
0,26.0,0.26,0.0
0,26.0,0.26,0.0
0,26.0,0.26,0.0
0,26.0,0.26,0.0
0,26.0,0.26,0.0
0,26.0,0.26,0.0
0,26.0,0.26,0.0
0,26.0,0.26,0.0
0,26.0,0.26,0.0
86,26.0,0.26,22.36
0,26.0,0.26,0.0
0,26.0,0.26,0.0
0,26.0,0.26,0.0
0,26.0,0.26,0.0
0,26.0,0.26,0.0
0,26.0,0.26,0.0
0,26.0,0.26,0.0
0,26.0,0.26,0.0
0,26.0,0.26,0.0
0,26.0,0.26,0.0
0,26.0,0.26,0.0
100,26.0,0.26,26.0
0,26.0,0.26,0.0
0,26.0,0.26,0.0
0,26.0,0.26,0.0
84,26.0,0.26,21.84
0,26.0,0.26,0.0
0,26.0,0.26,0.0
0,26.0,0.26,0.0
0,0.0,0.0,0.0
0,0.0,0.0,0.0
0,0.0,0.0,0.0
0,0.0,0.0,0.0
0,0.0,0.0,0.0
0,0.0,0.0,0.0
0,0.0,0.0,0.0
100,0.0,0.0,0.0
85,0.0,0.0,0.0
0,0.0,0.0,0.0
0,0.0,0.0,0.0
85,0.0,0.0,0.0
90,0.0,0.0,0.0
0,0.0,0.0,0.0
0,0.0,0.0,0.0
0,0.0,0.0,0.0
0,0.0,0.0,0.0
0,0.0,0.0,0.0
0,0.0,0.0,0.0
90,0.0,0.0,0.0
0,0.0,0.0,0.0
0,0.0,0.0,0.0
84,0.0,0.0,0.0
0,0.0,0.0,0.0
85,0.0,0.0,0.0
0,0.0,0.0,0.0
0,0.0,0.0,0.0
0,0.0,0.0,0.0
0,51.0,0.51,0.0
0,51.0,0.51,0.0
0,51.0,0.51,0.0
0,51.0,0.51,0.0
0,51.0,0.51,0.0
0,51.0,0.51,0.0
0,51.0,0.51,0.0
0,51.0,0.51,0.0
0,51.0,0.51,0.0
0,51.0,0.51,0.0
0,51.0,0.51,0.0
0,51.0,0.51,0.0
0,51.0,0.51,0.0
0,51.0,0.51,0.0
100,51.0,0.51,51.0
0,51.0,0.51,0.0
0,51.0,0.51,0.0
0,51.0,0.51,0.0
0,51.0,0.51,0.0
0,51.0,0.51,0.0
0,51.0,0.51,0.0
0,51.0,0.51,0.0
0,51.0,0.51,0.0
0,51.0,0.51,0.0
0,51.0,0.51,0.0
0,51.0,0.51,0.0
0,51.0,0.51,0.0
0,51.0,0.51,0.0
0,51.0,0.51,0.0
0,51.0,0.51,0.0
0,51.0,0.51,0.0
0,0.0,0.0,0.0
90,0.0,0.0,0.0
0,0.0,0.0,0.0
0,0.0,0.0,0.0
0,0.0,0.0,0.0
0,0.0,0.0,0.0
0,0.0,0.0,0.0
0,0.0,0.0,0.0
0,0.0,0.0,0.0
0,0.0,0.0,0.0
0,0.0,0.0,0.0
0,0.0,0.0,0.0
0,0.0,0.0,0.0
0,0.0,0.0,0.0
0,0.0,0.0,0.0
0,0.0,0.0,0.0
0,0.0,0.0,0.0
100,0.0,0.0,0.0
0,0.0,0.0,0.0
0,0.0,0.0,0.0
0,0.0,0.0,0.0
0,0.0,0.0,0.0
85,0.0,0.0,0.0
0,0.0,0.0,0.0
0,0.0,0.0,0.0
0,0.0,0.0,0.0
0,0.0,0.0,0.0
0,0.0,0.0,0.0
0,0.0,0.0,0.0
0,0.0,0.0,0.0
0,26.0,0.26,0.0
0,26.0,0.26,0.0
0,26.0,0.26,0.0
0,26.0,0.26,0.0
0,26.0,0.26,0.0
0,26.0,0.26,0.0
0,26.0,0.26,0.0
0,26.0,0.26,0.0
100,26.0,0.26,26.0
0,26.0,0.26,0.0
0,26.0,0.26,0.0
80,26.0,0.26,20.8
0,26.0,0.26,0.0
0,26.0,0.26,0.0
0,26.0,0.26,0.0
0,26.0,0.26,0.0
0,26.0,0.26,0.0
81,26.0,0.26,21.060000000000002
0,26.0,0.26,0.0
0,26.0,0.26,0.0
82,26.0,0.26,21.32
0,26.0,0.26,0.0
0,26.0,0.26,0.0
0,26.0,0.26,0.0
0,26.0,0.26,0.0
0,26.0,0.26,0.0
0,26.0,0.26,0.0
0,26.0,0.26,0.0
0,26.0,0.26,0.0
0,26.0,0.26,0.0
0,26.0,0.26,0.0
0,28.0,0.28,0.0
0,28.0,0.28,0.0
0,28.0,0.28,0.0
0,28.0,0.28,0.0
0,28.0,0.28,0.0
0,28.0,0.28,0.0
0,28.0,0.28,0.0
0,28.0,0.28,0.0
0,28.0,0.28,0.0
100,28.0,0.28,28.000000000000004
0,28.0,0.28,0.0
0,28.0,0.28,0.0
0,28.0,0.28,0.0
0,28.0,0.28,0.0
0,28.0,0.28,0.0
0,28.0,0.28,0.0
0,28.0,0.28,0.0
0,28.0,0.28,0.0
0,28.0,0.28,0.0
0,28.0,0.28,0.0
0,28.0,0.28,0.0
0,28.0,0.28,0.0
0,28.0,0.28,0.0
0,28.0,0.28,0.0
0,28.0,0.28,0.0
0,28.0,0.28,0.0
0,28.0,0.28,0.0
0,28.0,0.28,0.0
0,28.0,0.28,0.0
0,28.0,0.28,0.0
0,53.0,0.53,0.0
0,53.0,0.53,0.0
0,53.0,0.53,0.0
0,53.0,0.53,0.0
0,53.0,0.53,0.0
76,53.0,0.53,40.28
76,53.0,0.53,40.28
0,53.0,0.53,0.0
0,53.0,0.53,0.0
0,53.0,0.53,0.0
0,53.0,0.53,0.0
0,53.0,0.53,0.0
0,53.0,0.53,0.0
0,53.0,0.53,0.0
0,53.0,0.53,0.0
0,53.0,0.53,0.0
0,53.0,0.53,0.0
0,53.0,0.53,0.0
100,53.0,0.53,53.0
81,53.0,0.53,42.93
0,53.0,0.53,0.0
0,53.0,0.53,0.0
0,53.0,0.53,0.0
0,53.0,0.53,0.0
92,53.0,0.53,48.760000000000005
0,53.0,0.53,0.0
0,53.0,0.53,0.0
0,53.0,0.53,0.0
0,53.0,0.53,0.0
0,53.0,0.53,0.0
0,53.0,0.53,0.0
0,51.0,0.51,0.0
0,51.0,0.51,0.0
0,51.0,0.51,0.0
0,51.0,0.51,0.0
0,51.0,0.51,0.0
0,51.0,0.51,0.0
0,51.0,0.51,0.0
0,51.0,0.51,0.0
0,51.0,0.51,0.0
0,51.0,0.51,0.0
71,51.0,0.51,36.21
0,51.0,0.51,0.0
0,51.0,0.51,0.0
0,51.0,0.51,0.0
0,51.0,0.51,0.0
0,51.0,0.51,0.0
0,51.0,0.51,0.0
0,51.0,0.51,0.0
0,51.0,0.51,0.0
69,51.0,0.51,35.19
0,51.0,0.51,0.0
0,51.0,0.51,0.0
0,51.0,0.51,0.0
100,51.0,0.51,51.0
0,51.0,0.51,0.0
0,51.0,0.51,0.0
0,51.0,0.51,0.0
0,51.0,0.51,0.0
0,51.0,0.51,0.0
0,51.0,0.51,0.0
66,51.0,0.51,33.660000000000004
0,50.0,0.5,0.0
0,50.0,0.5,0.0
0,50.0,0.5,0.0
0,50.0,0.5,0.0
0,50.0,0.5,0.0
0,50.0,0.5,0.0
0,50.0,0.5,0.0
0,50.0,0.5,0.0
0,50.0,0.5,0.0
0,50.0,0.5,0.0
0,50.0,0.5,0.0
0,50.0,0.5,0.0
0,50.0,0.5,0.0
0,50.0,0.5,0.0
0,50.0,0.5,0.0
0,50.0,0.5,0.0
0,50.0,0.5,0.0
0,50.0,0.5,0.0
100,50.0,0.5,50.0
0,50.0,0.5,0.0
83,50.0,0.5,41.5
0,50.0,0.5,0.0
0,50.0,0.5,0.0
0,50.0,0.5,0.0
0,50.0,0.5,0.0
0,50.0,0.5,0.0
100,50.0,0.5,50.0
82,50.0,0.5,41.0
0,50.0,0.5,0.0
0,50.0,0.5,0.0
0,25.0,0.25,0.0
0,25.0,0.25,0.0
0,25.0,0.25,0.0
0,25.0,0.25,0.0
0,25.0,0.25,0.0
0,25.0,0.25,0.0
0,25.0,0.25,0.0
0,25.0,0.25,0.0
100,25.0,0.25,25.0
0,25.0,0.25,0.0
0,25.0,0.25,0.0
0,25.0,0.25,0.0
0,25.0,0.25,0.0
99,25.0,0.25,24.75
0,25.0,0.25,0.0
0,25.0,0.25,0.0
0,25.0,0.25,0.0
0,25.0,0.25,0.0
0,25.0,0.25,0.0
0,25.0,0.25,0.0
95,25.0,0.25,23.75
0,25.0,0.25,0.0
0,25.0,0.25,0.0
0,25.0,0.25,0.0
0,25.0,0.25,0.0
0,25.0,0.25,0.0
0,25.0,0.25,0.0
0,25.0,0.25,0.0
0,25.0,0.25,0.0
0,25.0,0.25,0.0
0,25.0,0.25,0.0
0,37.0,0.37,0.0
0,37.0,0.37,0.0
0,37.0,0.37,0.0
0,37.0,0.37,0.0
92,37.0,0.37,34.04
0,37.0,0.37,0.0
0,37.0,0.37,0.0
0,37.0,0.37,0.0
0,37.0,0.37,0.0
92,37.0,0.37,34.04
0,37.0,0.37,0.0
0,37.0,0.37,0.0
0,37.0,0.37,0.0
0,37.0,0.37,0.0
0,37.0,0.37,0.0
0,37.0,0.37,0.0
95,37.0,0.37,35.15
0,37.0,0.37,0.0
94,37.0,0.37,34.78
100,37.0,0.37,37.0
0,37.0,0.37,0.0
0,37.0,0.37,0.0
0,37.0,0.37,0.0
0,37.0,0.37,0.0
0,37.0,0.37,0.0
0,37.0,0.37,0.0
98,37.0,0.37,36.26
0,37.0,0.37,0.0
0,37.0,0.37,0.0
0,37.0,0.37,0.0
0,25.0,0.25,0.0
0,25.0,0.25,0.0
0,25.0,0.25,0.0
0,25.0,0.25,0.0
0,25.0,0.25,0.0
0,25.0,0.25,0.0
0,25.0,0.25,0.0
0,25.0,0.25,0.0
0,25.0,0.25,0.0
0,25.0,0.25,0.0
0,25.0,0.25,0.0
0,25.0,0.25,0.0
0,25.0,0.25,0.0
0,25.0,0.25,0.0
0,25.0,0.25,0.0
0,25.0,0.25,0.0
0,25.0,0.25,0.0
99,25.0,0.25,24.75
0,25.0,0.25,0.0
0,25.0,0.25,0.0
0,25.0,0.25,0.0
0,25.0,0.25,0.0
100,25.0,0.25,25.0
0,25.0,0.25,0.0
0,25.0,0.25,0.0
0,25.0,0.25,0.0
0,25.0,0.25,0.0
0,25.0,0.25,0.0
0,25.0,0.25,0.0
0,25.0,0.25,0.0
0,25.0,0.25,0.0
0,77.0,0.77,0.0
0,77.0,0.77,0.0
0,77.0,0.77,0.0
88,77.0,0.77,67.76
0,77.0,0.77,0.0
0,77.0,0.77,0.0
0,77.0,0.77,0.0
0,77.0,0.77,0.0
98,77.0,0.77,75.46000000000001
0,77.0,0.77,0.0
0,77.0,0.77,0.0
0,77.0,0.77,0.0
0,77.0,0.77,0.0
0,77.0,0.77,0.0
0,77.0,0.77,0.0
0,77.0,0.77,0.0
0,77.0,0.77,0.0
86,77.0,0.77,66.22
0,77.0,0.77,0.0
0,77.0,0.77,0.0
88,77.0,0.77,67.76
0,77.0,0.77,0.0
0,77.0,0.77,0.0
0,77.0,0.77,0.0
84,77.0,0.77,64.68
0,77.0,0.77,0.0
86,77.0,0.77,66.22
0,77.0,0.77,0.0
0,77.0,0.77,0.0
100,77.0,0.77,77.0
0,77.0,0.77,0.0
0,52.0,0.52,0.0
0,52.0,0.52,0.0
0,52.0,0.52,0.0
0,52.0,0.52,0.0
0,52.0,0.52,0.0
0,52.0,0.52,0.0
0,52.0,0.52,0.0
0,52.0,0.52,0.0
0,52.0,0.52,0.0
87,52.0,0.52,45.24
0,52.0,0.52,0.0
0,52.0,0.52,0.0
0,52.0,0.52,0.0
0,52.0,0.52,0.0
0,52.0,0.52,0.0
87,52.0,0.52,45.24
0,52.0,0.52,0.0
0,52.0,0.52,0.0
0,52.0,0.52,0.0
100,52.0,0.52,52.0
0,52.0,0.52,0.0
0,52.0,0.52,0.0
0,52.0,0.52,0.0
0,52.0,0.52,0.0
0,52.0,0.52,0.0
92,52.0,0.52,47.84
0,52.0,0.52,0.0
0,52.0,0.52,0.0
0,52.0,0.52,0.0
0,74.0,0.74,0.0
0,74.0,0.74,0.0
0,74.0,0.74,0.0
0,74.0,0.74,0.0
0,74.0,0.74,0.0
0,74.0,0.74,0.0
0,74.0,0.74,0.0
0,74.0,0.74,0.0
0,74.0,0.74,0.0
0,74.0,0.74,0.0
0,74.0,0.74,0.0
0,74.0,0.74,0.0
0,74.0,0.74,0.0
0,74.0,0.74,0.0
89,74.0,0.74,65.86
0,74.0,0.74,0.0
0,74.0,0.74,0.0
0,74.0,0.74,0.0
0,74.0,0.74,0.0
0,74.0,0.74,0.0
0,74.0,0.74,0.0
0,74.0,0.74,0.0
0,74.0,0.74,0.0
0,74.0,0.74,0.0
100,74.0,0.74,74.0
0,74.0,0.74,0.0
0,74.0,0.74,0.0
0,74.0,0.74,0.0
0,74.0,0.74,0.0
0,74.0,0.74,0.0
0,74.0,0.74,0.0
0,0.0,0.0,0.0
0,0.0,0.0,0.0
0,0.0,0.0,0.0
0,0.0,0.0,0.0
0,0.0,0.0,0.0
0,0.0,0.0,0.0
0,0.0,0.0,0.0
0,0.0,0.0,0.0
100,0.0,0.0,0.0
0,0.0,0.0,0.0
0,0.0,0.0,0.0
0,0.0,0.0,0.0
0,0.0,0.0,0.0
0,0.0,0.0,0.0
0,0.0,0.0,0.0
0,0.0,0.0,0.0
0,0.0,0.0,0.0
0,0.0,0.0,0.0
0,0.0,0.0,0.0
0,0.0,0.0,0.0
0,0.0,0.0,0.0
0,0.0,0.0,0.0
0,0.0,0.0,0.0
0,0.0,0.0,0.0
0,0.0,0.0,0.0
0,0.0,0.0,0.0
0,0.0,0.0,0.0
0,0.0,0.0,0.0
0,0.0,0.0,0.0
0,0.0,0.0,0.0
0,50.0,0.5,0.0
0,50.0,0.5,0.0
0,50.0,0.5,0.0
0,50.0,0.5,0.0
0,50.0,0.5,0.0
0,50.0,0.5,0.0
0,50.0,0.5,0.0
0,50.0,0.5,0.0
0,50.0,0.5,0.0
0,50.0,0.5,0.0
0,50.0,0.5,0.0
0,50.0,0.5,0.0
100,50.0,0.5,50.0
0,50.0,0.5,0.0
0,50.0,0.5,0.0
0,50.0,0.5,0.0
0,50.0,0.5,0.0
0,50.0,0.5,0.0
0,50.0,0.5,0.0
0,50.0,0.5,0.0
0,50.0,0.5,0.0
0,50.0,0.5,0.0
0,50.0,0.5,0.0
0,50.0,0.5,0.0
0,50.0,0.5,0.0
0,50.0,0.5,0.0
0,50.0,0.5,0.0
0,50.0,0.5,0.0
0,50.0,0.5,0.0
0,50.0,0.5,0.0
0,50.0,0.5,0.0
0,26.0,0.26,0.0
0,26.0,0.26,0.0
99,26.0,0.26,25.740000000000002
0,26.0,0.26,0.0
0,26.0,0.26,0.0
0,26.0,0.26,0.0
0,26.0,0.26,0.0
0,26.0,0.26,0.0
0,26.0,0.26,0.0
0,26.0,0.26,0.0
0,26.0,0.26,0.0
0,26.0,0.26,0.0
0,26.0,0.26,0.0
0,26.0,0.26,0.0
0,26.0,0.26,0.0
0,26.0,0.26,0.0
0,26.0,0.26,0.0
0,26.0,0.26,0.0
0,26.0,0.26,0.0
0,26.0,0.26,0.0
0,26.0,0.26,0.0
0,26.0,0.26,0.0
0,26.0,0.26,0.0
100,26.0,0.26,26.0
0,26.0,0.26,0.0
0,26.0,0.26,0.0
0,26.0,0.26,0.0
96,26.0,0.26,24.96
0,26.0,0.26,0.0
0,26.0,0.26,0.0
0,26.0,0.26,0.0
0,26.0,0.26,0.0
0,26.0,0.26,0.0
0,26.0,0.26,0.0
0,26.0,0.26,0.0
0,26.0,0.26,0.0
0,26.0,0.26,0.0
100,26.0,0.26,26.0
0,26.0,0.26,0.0
0,26.0,0.26,0.0
94,26.0,0.26,24.44
0,26.0,0.26,0.0
0,26.0,0.26,0.0
0,26.0,0.26,0.0
0,26.0,0.26,0.0
0,26.0,0.26,0.0
0,26.0,0.26,0.0
0,26.0,0.26,0.0
0,26.0,0.26,0.0
0,26.0,0.26,0.0
0,26.0,0.26,0.0
0,26.0,0.26,0.0
0,26.0,0.26,0.0
0,26.0,0.26,0.0
0,26.0,0.26,0.0
0,26.0,0.26,0.0
0,26.0,0.26,0.0
0,26.0,0.26,0.0
0,26.0,0.26,0.0
0,26.0,0.26,0.0
0,26.0,0.26,0.0
0,0.0,0.0,0.0
0,0.0,0.0,0.0
0,0.0,0.0,0.0
97,0.0,0.0,0.0
0,0.0,0.0,0.0
0,0.0,0.0,0.0
0,0.0,0.0,0.0
0,0.0,0.0,0.0
0,0.0,0.0,0.0
0,0.0,0.0,0.0
0,0.0,0.0,0.0
0,0.0,0.0,0.0
0,0.0,0.0,0.0
0,0.0,0.0,0.0
0,0.0,0.0,0.0
0,0.0,0.0,0.0
0,0.0,0.0,0.0
0,0.0,0.0,0.0
0,0.0,0.0,0.0
0,0.0,0.0,0.0
0,0.0,0.0,0.0
0,0.0,0.0,0.0
0,0.0,0.0,0.0
0,0.0,0.0,0.0
0,0.0,0.0,0.0
100,0.0,0.0,0.0
0,0.0,0.0,0.0
0,0.0,0.0,0.0
0,0.0,0.0,0.0
0,0.0,0.0,0.0
0,0.0,0.0,0.0
0,54.0,0.54,0.0
0,54.0,0.54,0.0
61,54.0,0.54,32.940000000000005
0,54.0,0.54,0.0
0,54.0,0.54,0.0
0,54.0,0.54,0.0
51,54.0,0.54,27.540000000000003
0,54.0,0.54,0.0
0,54.0,0.54,0.0
0,54.0,0.54,0.0
0,54.0,0.54,0.0
51,54.0,0.54,27.540000000000003
49,54.0,0.54,26.46
51,54.0,0.54,27.540000000000003
0,54.0,0.54,0.0
0,54.0,0.54,0.0
0,54.0,0.54,0.0
0,54.0,0.54,0.0
0,54.0,0.54,0.0
100,54.0,0.54,54.0
0,54.0,0.54,0.0
0,54.0,0.54,0.0
0,54.0,0.54,0.0
0,54.0,0.54,0.0
57,54.0,0.54,30.78
50,54.0,0.54,27.0
51,54.0,0.54,27.540000000000003
0,54.0,0.54,0.0
50,54.0,0.54,27.0
0,54.0,0.54,0.0
0,64.0,0.64,0.0
0,64.0,0.64,0.0
0,64.0,0.64,0.0
0,64.0,0.64,0.0
0,64.0,0.64,0.0
0,64.0,0.64,0.0
0,64.0,0.64,0.0
0,64.0,0.64,0.0
0,64.0,0.64,0.0
0,64.0,0.64,0.0
0,64.0,0.64,0.0
0,64.0,0.64,0.0
88,64.0,0.64,56.32
0,64.0,0.64,0.0
0,64.0,0.64,0.0
0,64.0,0.64,0.0
0,64.0,0.64,0.0
0,64.0,0.64,0.0
0,64.0,0.64,0.0
0,64.0,0.64,0.0
0,64.0,0.64,0.0
0,64.0,0.64,0.0
100,64.0,0.64,64.0
86,64.0,0.64,55.04
0,64.0,0.64,0.0
0,64.0,0.64,0.0
0,64.0,0.64,0.0
0,64.0,0.64,0.0
0,64.0,0.64,0.0
0,64.0,0.64,0.0
90,64.0,0.64,57.6
0,25.0,0.25,0.0
0,25.0,0.25,0.0
54,25.0,0.25,13.5
0,25.0,0.25,0.0
0,25.0,0.25,0.0
0,25.0,0.25,0.0
0,25.0,0.25,0.0
55,25.0,0.25,13.75
100,25.0,0.25,25.0
0,25.0,0.25,0.0
0,25.0,0.25,0.0
0,25.0,0.25,0.0
0,25.0,0.25,0.0
54,25.0,0.25,13.5
0,25.0,0.25,0.0
0,25.0,0.25,0.0
0,25.0,0.25,0.0
0,25.0,0.25,0.0
62,25.0,0.25,15.5
0,25.0,0.25,0.0
0,25.0,0.25,0.0
0,25.0,0.25,0.0
0,25.0,0.25,0.0
0,25.0,0.25,0.0
0,25.0,0.25,0.0
0,25.0,0.25,0.0
0,25.0,0.25,0.0
0,25.0,0.25,0.0
0,25.0,0.25,0.0
0,25.0,0.25,0.0
0,37.0,0.37,0.0
0,37.0,0.37,0.0
0,37.0,0.37,0.0
0,37.0,0.37,0.0
0,37.0,0.37,0.0
0,37.0,0.37,0.0
0,37.0,0.37,0.0
0,37.0,0.37,0.0
0,37.0,0.37,0.0
0,37.0,0.37,0.0
0,37.0,0.37,0.0
0,37.0,0.37,0.0
0,37.0,0.37,0.0
0,37.0,0.37,0.0
0,37.0,0.37,0.0
0,37.0,0.37,0.0
0,37.0,0.37,0.0
100,37.0,0.37,37.0
0,37.0,0.37,0.0
0,37.0,0.37,0.0
0,37.0,0.37,0.0
95,37.0,0.37,35.15
0,37.0,0.37,0.0
0,37.0,0.37,0.0
0,37.0,0.37,0.0
0,37.0,0.37,0.0
0,37.0,0.37,0.0
0,37.0,0.37,0.0
0,37.0,0.37,0.0
0,37.0,0.37,0.0
0,37.0,0.37,0.0
0,60.0,0.6,0.0
94,60.0,0.6,56.4
90,60.0,0.6,54.0
0,60.0,0.6,0.0
92,60.0,0.6,55.199999999999996
0,60.0,0.6,0.0
100,60.0,0.6,60.0
0,60.0,0.6,0.0
87,60.0,0.6,52.199999999999996
0,60.0,0.6,0.0
0,60.0,0.6,0.0
0,60.0,0.6,0.0
0,60.0,0.6,0.0
0,60.0,0.6,0.0
0,60.0,0.6,0.0
0,60.0,0.6,0.0
0,60.0,0.6,0.0
0,60.0,0.6,0.0
0,60.0,0.6,0.0
0,60.0,0.6,0.0
0,60.0,0.6,0.0
0,60.0,0.6,0.0
0,60.0,0.6,0.0
0,60.0,0.6,0.0
0,60.0,0.6,0.0
87,60.0,0.6,52.199999999999996
0,60.0,0.6,0.0
0,60.0,0.6,0.0
0,60.0,0.6,0.0
0,60.0,0.6,0.0
0,60.0,0.6,0.0
0,38.0,0.38,0.0
0,38.0,0.38,0.0
0,38.0,0.38,0.0
0,38.0,0.38,0.0
0,38.0,0.38,0.0
0,38.0,0.38,0.0
0,38.0,0.38,0.0
0,38.0,0.38,0.0
89,38.0,0.38,33.82
0,38.0,0.38,0.0
0,38.0,0.38,0.0
0,38.0,0.38,0.0
0,38.0,0.38,0.0
0,38.0,0.38,0.0
89,38.0,0.38,33.82
0,38.0,0.38,0.0
0,38.0,0.38,0.0
100,38.0,0.38,38.0
0,38.0,0.38,0.0
0,38.0,0.38,0.0
87,38.0,0.38,33.06
0,38.0,0.38,0.0
0,38.0,0.38,0.0
0,38.0,0.38,0.0
0,38.0,0.38,0.0
0,38.0,0.38,0.0
0,38.0,0.38,0.0
0,38.0,0.38,0.0
0,56.0,0.56,0.0
0,56.0,0.56,0.0
0,56.0,0.56,0.0
55,56.0,0.56,30.800000000000004
0,56.0,0.56,0.0
0,56.0,0.56,0.0
0,56.0,0.56,0.0
0,56.0,0.56,0.0
0,56.0,0.56,0.0
0,56.0,0.56,0.0
0,56.0,0.56,0.0
52,56.0,0.56,29.120000000000005
0,56.0,0.56,0.0
49,56.0,0.56,27.44
49,56.0,0.56,27.44
100,56.0,0.56,56.00000000000001
0,56.0,0.56,0.0
56,56.0,0.56,31.360000000000003
0,56.0,0.56,0.0
0,56.0,0.56,0.0
0,56.0,0.56,0.0
48,56.0,0.56,26.880000000000003
0,56.0,0.56,0.0
0,56.0,0.56,0.0
0,56.0,0.56,0.0
55,56.0,0.56,30.800000000000004
0,56.0,0.56,0.0
0,56.0,0.56,0.0
49,56.0,0.56,27.44
50,56.0,0.56,28.000000000000004
0,56.0,0.56,0.0
0,72.0,0.72,0.0
0,72.0,0.72,0.0
0,72.0,0.72,0.0
0,72.0,0.72,0.0
82,72.0,0.72,59.04
0,72.0,0.72,0.0
0,72.0,0.72,0.0
0,72.0,0.72,0.0
0,72.0,0.72,0.0
0,72.0,0.72,0.0
0,72.0,0.72,0.0
0,72.0,0.72,0.0
0,72.0,0.72,0.0
0,72.0,0.72,0.0
0,72.0,0.72,0.0
100,72.0,0.72,72.0
0,72.0,0.72,0.0
0,72.0,0.72,0.0
0,72.0,0.72,0.0
0,72.0,0.72,0.0
0,72.0,0.72,0.0
0,72.0,0.72,0.0
93,72.0,0.72,66.96
81,72.0,0.72,58.32
0,72.0,0.72,0.0
0,72.0,0.72,0.0
83,72.0,0.72,59.76
0,72.0,0.72,0.0
0,72.0,0.72,0.0
0,72.0,0.72,0.0
0,95.0,0.95,0.0
0,95.0,0.95,0.0
79,95.0,0.95,75.05
0,95.0,0.95,0.0
0,95.0,0.95,0.0
0,95.0,0.95,0.0
0,95.0,0.95,0.0
0,95.0,0.95,0.0
79,95.0,0.95,75.05
79,95.0,0.95,75.05
0,95.0,0.95,0.0
0,95.0,0.95,0.0
0,95.0,0.95,0.0
0,95.0,0.95,0.0
84,95.0,0.95,79.8
0,95.0,0.95,0.0
0,95.0,0.95,0.0
85,95.0,0.95,80.75
89,95.0,0.95,84.55
100,95.0,0.95,95.0
0,95.0,0.95,0.0
0,95.0,0.95,0.0
0,95.0,0.95,0.0
0,95.0,0.95,0.0
0,95.0,0.95,0.0
91,95.0,0.95,86.45
0,95.0,0.95,0.0
0,95.0,0.95,0.0
88,95.0,0.95,83.6
0,95.0,0.95,0.0
0,95.0,0.95,0.0
0,99.0,0.99,0.0
0,99.0,0.99,0.0
0,99.0,0.99,0.0
0,99.0,0.99,0.0
0,99.0,0.99,0.0
0,99.0,0.99,0.0
0,99.0,0.99,0.0
85,99.0,0.99,84.15
0,99.0,0.99,0.0
0,99.0,0.99,0.0
0,99.0,0.99,0.0
0,99.0,0.99,0.0
0,99.0,0.99,0.0
0,99.0,0.99,0.0
0,99.0,0.99,0.0
91,99.0,0.99,90.09
0,99.0,0.99,0.0
0,99.0,0.99,0.0
0,99.0,0.99,0.0
0,99.0,0.99,0.0
0,99.0,0.99,0.0
0,99.0,0.99,0.0
0,99.0,0.99,0.0
100,99.0,0.99,99.0
0,99.0,0.99,0.0
0,99.0,0.99,0.0
0,99.0,0.99,0.0
89,99.0,0.99,88.11
0,99.0,0.99,0.0
0,99.0,0.99,0.0
0,25.0,0.25,0.0
0,25.0,0.25,0.0
0,25.0,0.25,0.0
0,25.0,0.25,0.0
0,25.0,0.25,0.0
100,25.0,0.25,25.0
0,25.0,0.25,0.0
0,25.0,0.25,0.0
0,25.0,0.25,0.0
95,25.0,0.25,23.75
0,25.0,0.25,0.0
0,25.0,0.25,0.0
0,25.0,0.25,0.0
0,25.0,0.25,0.0
0,25.0,0.25,0.0
0,25.0,0.25,0.0
0,25.0,0.25,0.0
0,25.0,0.25,0.0
0,25.0,0.25,0.0
0,25.0,0.25,0.0
100,25.0,0.25,25.0
0,25.0,0.25,0.0
0,25.0,0.25,0.0
0,25.0,0.25,0.0
96,25.0,0.25,24.0
0,25.0,0.25,0.0
95,25.0,0.25,23.75
0,25.0,0.25,0.0
0,25.0,0.25,0.0
0,25.0,0.25,0.0
0,25.0,0.25,0.0
80,48.0,0.48,38.4
0,48.0,0.48,0.0
0,48.0,0.48,0.0
0,48.0,0.48,0.0
100,48.0,0.48,48.0
97,48.0,0.48,46.559999999999995
0,48.0,0.48,0.0
78,48.0,0.48,37.44
0,48.0,0.48,0.0
0,48.0,0.48,0.0
0,48.0,0.48,0.0
0,48.0,0.48,0.0
0,48.0,0.48,0.0
0,48.0,0.48,0.0
0,48.0,0.48,0.0
0,48.0,0.48,0.0
0,48.0,0.48,0.0
0,48.0,0.48,0.0
0,48.0,0.48,0.0
0,48.0,0.48,0.0
0,48.0,0.48,0.0
0,48.0,0.48,0.0
0,48.0,0.48,0.0
0,48.0,0.48,0.0
0,48.0,0.48,0.0
0,48.0,0.48,0.0
0,48.0,0.48,0.0
0,48.0,0.48,0.0
0,48.0,0.48,0.0
82,48.0,0.48,39.36
82,48.0,0.48,39.36
0,24.0,0.24,0.0
0,24.0,0.24,0.0
0,24.0,0.24,0.0
0,24.0,0.24,0.0
0,24.0,0.24,0.0
96,24.0,0.24,23.04
100,24.0,0.24,24.0
0,24.0,0.24,0.0
0,24.0,0.24,0.0
0,24.0,0.24,0.0
98,24.0,0.24,23.52
0,24.0,0.24,0.0
97,24.0,0.24,23.279999999999998
0,24.0,0.24,0.0
0,24.0,0.24,0.0
0,24.0,0.24,0.0
0,24.0,0.24,0.0
0,24.0,0.24,0.0
0,24.0,0.24,0.0
0,24.0,0.24,0.0
0,24.0,0.24,0.0
0,24.0,0.24,0.0
0,24.0,0.24,0.0
0,24.0,0.24,0.0
0,24.0,0.24,0.0
96,24.0,0.24,23.04
0,24.0,0.24,0.0
0,24.0,0.24,0.0
0,24.0,0.24,0.0
0,24.0,0.24,0.0
0,58.0,0.58,0.0
0,58.0,0.58,0.0
50,58.0,0.58,28.999999999999996
0,58.0,0.58,0.0
0,58.0,0.58,0.0
0,58.0,0.58,0.0
0,58.0,0.58,0.0
0,58.0,0.58,0.0
49,58.0,0.58,28.419999999999998
48,58.0,0.58,27.839999999999996
0,58.0,0.58,0.0
50,58.0,0.58,28.999999999999996
0,58.0,0.58,0.0
0,58.0,0.58,0.0
0,58.0,0.58,0.0
0,58.0,0.58,0.0
0,58.0,0.58,0.0
0,58.0,0.58,0.0
100,58.0,0.58,57.99999999999999
52,58.0,0.58,30.159999999999997
0,58.0,0.58,0.0
55,58.0,0.58,31.9
49,58.0,0.58,28.419999999999998
0,58.0,0.58,0.0
49,58.0,0.58,28.419999999999998
49,58.0,0.58,28.419999999999998
52,58.0,0.58,30.159999999999997
0,58.0,0.58,0.0
0,58.0,0.58,0.0
0,58.0,0.58,0.0
50,58.0,0.58,28.999999999999996
0,58.0,0.58,0.0
0,58.0,0.58,0.0
0,58.0,0.58,0.0
0,58.0,0.58,0.0
0,58.0,0.58,0.0
0,58.0,0.58,0.0
0,58.0,0.58,0.0
0,58.0,0.58,0.0
0,58.0,0.58,0.0
0,58.0,0.58,0.0
0,58.0,0.58,0.0
100,58.0,0.58,57.99999999999999
0,58.0,0.58,0.0
86,58.0,0.58,49.879999999999995
0,58.0,0.58,0.0
0,58.0,0.58,0.0
91,58.0,0.58,52.779999999999994
0,58.0,0.58,0.0
0,58.0,0.58,0.0
0,58.0,0.58,0.0
0,58.0,0.58,0.0
0,58.0,0.58,0.0
0,58.0,0.58,0.0
0,58.0,0.58,0.0
0,58.0,0.58,0.0
0,58.0,0.58,0.0
0,58.0,0.58,0.0
0,58.0,0.58,0.0
0,58.0,0.58,0.0
0,58.0,0.58,0.0
0,35.0,0.35,0.0
0,35.0,0.35,0.0
0,35.0,0.35,0.0
0,35.0,0.35,0.0
0,35.0,0.35,0.0
0,35.0,0.35,0.0
94,35.0,0.35,32.9
0,35.0,0.35,0.0
0,35.0,0.35,0.0
0,35.0,0.35,0.0
0,35.0,0.35,0.0
0,35.0,0.35,0.0
0,35.0,0.35,0.0
0,35.0,0.35,0.0
99,35.0,0.35,34.65
0,35.0,0.35,0.0
0,35.0,0.35,0.0
0,35.0,0.35,0.0
0,35.0,0.35,0.0
97,35.0,0.35,33.949999999999996
99,35.0,0.35,34.65
0,35.0,0.35,0.0
0,35.0,0.35,0.0
0,35.0,0.35,0.0
0,35.0,0.35,0.0
0,35.0,0.35,0.0
0,35.0,0.35,0.0
100,35.0,0.35,35.0
0,35.0,0.35,0.0
0,35.0,0.35,0.0
0,35.0,0.35,0.0
0,100.0,1.0,0.0
52,100.0,1.0,52.0
0,100.0,1.0,0.0
100,100.0,1.0,100.0
0,100.0,1.0,0.0
0,100.0,1.0,0.0
0,100.0,1.0,0.0
0,100.0,1.0,0.0
0,100.0,1.0,0.0
0,100.0,1.0,0.0
0,100.0,1.0,0.0
0,100.0,1.0,0.0
0,100.0,1.0,0.0
55,100.0,1.0,55.0
0,100.0,1.0,0.0
48,100.0,1.0,48.0
48,100.0,1.0,48.0
0,100.0,1.0,0.0
0,100.0,1.0,0.0
0,100.0,1.0,0.0
55,100.0,1.0,55.0
0,100.0,1.0,0.0
0,100.0,1.0,0.0
0,100.0,1.0,0.0
0,100.0,1.0,0.0
0,100.0,1.0,0.0
0,100.0,1.0,0.0
0,100.0,1.0,0.0
0,100.0,1.0,0.0
0,100.0,1.0,0.0
49,100.0,1.0,49.0
0,72.0,0.72,0.0
0,72.0,0.72,0.0
99,72.0,0.72,71.28
0,72.0,0.72,0.0
0,72.0,0.72,0.0
0,72.0,0.72,0.0
0,72.0,0.72,0.0
0,72.0,0.72,0.0
0,72.0,0.72,0.0
0,72.0,0.72,0.0
100,72.0,0.72,72.0
0,72.0,0.72,0.0
89,72.0,0.72,64.08
0,72.0,0.72,0.0
0,72.0,0.72,0.0
0,72.0,0.72,0.0
0,72.0,0.72,0.0
0,72.0,0.72,0.0
0,72.0,0.72,0.0
86,72.0,0.72,61.919999999999995
0,72.0,0.72,0.0
87,72.0,0.72,62.64
0,72.0,0.72,0.0
99,72.0,0.72,71.28
0,72.0,0.72,0.0
0,72.0,0.72,0.0
0,72.0,0.72,0.0
0,72.0,0.72,0.0
0,22.0,0.22,0.0
0,22.0,0.22,0.0
0,22.0,0.22,0.0
0,22.0,0.22,0.0
86,22.0,0.22,18.92
0,22.0,0.22,0.0
0,22.0,0.22,0.0
0,22.0,0.22,0.0
94,22.0,0.22,20.68
0,22.0,0.22,0.0
100,22.0,0.22,22.0
0,22.0,0.22,0.0
0,22.0,0.22,0.0
0,22.0,0.22,0.0
0,22.0,0.22,0.0
0,22.0,0.22,0.0
0,22.0,0.22,0.0
0,22.0,0.22,0.0
0,22.0,0.22,0.0
0,22.0,0.22,0.0
0,22.0,0.22,0.0
0,22.0,0.22,0.0
0,22.0,0.22,0.0
0,22.0,0.22,0.0
0,22.0,0.22,0.0
0,22.0,0.22,0.0
91,22.0,0.22,20.02
0,22.0,0.22,0.0
95,22.0,0.22,20.9
0,22.0,0.22,0.0
0,22.0,0.22,0.0
0,46.0,0.46,0.0
0,46.0,0.46,0.0
0,46.0,0.46,0.0
0,46.0,0.46,0.0
100,46.0,0.46,46.0
0,46.0,0.46,0.0
0,46.0,0.46,0.0
0,46.0,0.46,0.0
0,46.0,0.46,0.0
0,46.0,0.46,0.0
96,46.0,0.46,44.160000000000004
0,46.0,0.46,0.0
0,46.0,0.46,0.0
0,46.0,0.46,0.0
0,46.0,0.46,0.0
0,46.0,0.46,0.0
0,46.0,0.46,0.0
0,46.0,0.46,0.0
0,46.0,0.46,0.0
0,46.0,0.46,0.0
0,46.0,0.46,0.0
0,46.0,0.46,0.0
0,46.0,0.46,0.0
0,46.0,0.46,0.0
0,46.0,0.46,0.0
0,46.0,0.46,0.0
0,46.0,0.46,0.0
0,46.0,0.46,0.0
0,46.0,0.46,0.0
0,46.0,0.46,0.0
0,44.0,0.44,0.0
0,44.0,0.44,0.0
84,44.0,0.44,36.96
0,44.0,0.44,0.0
0,44.0,0.44,0.0
0,44.0,0.44,0.0
0,44.0,0.44,0.0
0,44.0,0.44,0.0
0,44.0,0.44,0.0
0,44.0,0.44,0.0
0,44.0,0.44,0.0
0,44.0,0.44,0.0
0,44.0,0.44,0.0
0,44.0,0.44,0.0
0,44.0,0.44,0.0
0,44.0,0.44,0.0
0,44.0,0.44,0.0
0,44.0,0.44,0.0
0,44.0,0.44,0.0
100,44.0,0.44,44.0
0,44.0,0.44,0.0
0,44.0,0.44,0.0
0,44.0,0.44,0.0
0,44.0,0.44,0.0
0,44.0,0.44,0.0
0,44.0,0.44,0.0
0,44.0,0.44,0.0
0,44.0,0.44,0.0
0,44.0,0.44,0.0
0,44.0,0.44,0.0
0,44.0,0.44,0.0
0,46.0,0.46,0.0
0,46.0,0.46,0.0
0,46.0,0.46,0.0
0,46.0,0.46,0.0
0,46.0,0.46,0.0
87,46.0,0.46,40.02
0,46.0,0.46,0.0
0,46.0,0.46,0.0
0,46.0,0.46,0.0
0,46.0,0.46,0.0
0,46.0,0.46,0.0
0,46.0,0.46,0.0
0,46.0,0.46,0.0
0,46.0,0.46,0.0
0,46.0,0.46,0.0
0,46.0,0.46,0.0
0,46.0,0.46,0.0
0,46.0,0.46,0.0
0,46.0,0.46,0.0
0,46.0,0.46,0.0
88,46.0,0.46,40.480000000000004
0,46.0,0.46,0.0
100,46.0,0.46,46.0
0,46.0,0.46,0.0
0,46.0,0.46,0.0
0,46.0,0.46,0.0
0,46.0,0.46,0.0
0,46.0,0.46,0.0
0,46.0,0.46,0.0
0,46.0,0.46,0.0
0,33.0,0.33,0.0
0,33.0,0.33,0.0
0,33.0,0.33,0.0
0,33.0,0.33,0.0
53,33.0,0.33,17.490000000000002
0,33.0,0.33,0.0
0,33.0,0.33,0.0
59,33.0,0.33,19.470000000000002
100,33.0,0.33,33.0
0,33.0,0.33,0.0
0,33.0,0.33,0.0
0,33.0,0.33,0.0
0,33.0,0.33,0.0
0,33.0,0.33,0.0
0,33.0,0.33,0.0
0,33.0,0.33,0.0
0,33.0,0.33,0.0
0,33.0,0.33,0.0
0,33.0,0.33,0.0
0,33.0,0.33,0.0
0,33.0,0.33,0.0
0,33.0,0.33,0.0
0,33.0,0.33,0.0
52,33.0,0.33,17.16
0,33.0,0.33,0.0
0,33.0,0.33,0.0
0,33.0,0.33,0.0
0,33.0,0.33,0.0
0,33.0,0.33,0.0
0,33.0,0.33,0.0
50,33.0,0.33,16.5
0,54.0,0.54,0.0
0,54.0,0.54,0.0
0,54.0,0.54,0.0
0,54.0,0.54,0.0
0,54.0,0.54,0.0
0,54.0,0.54,0.0
33,54.0,0.54,17.82
0,54.0,0.54,0.0
0,54.0,0.54,0.0
0,54.0,0.54,0.0
38,54.0,0.54,20.520000000000003
0,54.0,0.54,0.0
0,54.0,0.54,0.0
0,54.0,0.54,0.0
0,54.0,0.54,0.0
0,54.0,0.54,0.0
35,54.0,0.54,18.900000000000002
0,54.0,0.54,0.0
0,54.0,0.54,0.0
0,54.0,0.54,0.0
100,54.0,0.54,54.0
0,54.0,0.54,0.0
0,54.0,0.54,0.0
0,54.0,0.54,0.0
0,54.0,0.54,0.0
0,54.0,0.54,0.0
0,54.0,0.54,0.0
33,54.0,0.54,17.82
32,54.0,0.54,17.28
34,54.0,0.54,18.36
33,54.0,0.54,17.82
0,100.0,1.0,0.0
0,100.0,1.0,0.0
0,100.0,1.0,0.0
0,100.0,1.0,0.0
33,100.0,1.0,33.0
100,100.0,1.0,100.0
0,100.0,1.0,0.0
0,100.0,1.0,0.0
0,100.0,1.0,0.0
0,100.0,1.0,0.0
0,100.0,1.0,0.0
0,100.0,1.0,0.0
34,100.0,1.0,34.0
0,100.0,1.0,0.0
38,100.0,1.0,38.0
0,100.0,1.0,0.0
0,100.0,1.0,0.0
0,100.0,1.0,0.0
0,100.0,1.0,0.0
33,100.0,1.0,33.0
68,100.0,1.0,68.0
39,100.0,1.0,39.0
0,100.0,1.0,0.0
33,100.0,1.0,33.0
0,100.0,1.0,0.0
0,100.0,1.0,0.0
0,100.0,1.0,0.0
35,100.0,1.0,35.0
0,100.0,1.0,0.0
38,100.0,1.0,38.0
0,86.0,0.86,0.0
85,86.0,0.86,73.1
0,86.0,0.86,0.0
0,86.0,0.86,0.0
0,86.0,0.86,0.0
0,86.0,0.86,0.0
0,86.0,0.86,0.0
84,86.0,0.86,72.24
0,86.0,0.86,0.0
86,86.0,0.86,73.96
0,86.0,0.86,0.0
0,86.0,0.86,0.0
0,86.0,0.86,0.0
100,86.0,0.86,86.0
86,86.0,0.86,73.96
85,86.0,0.86,73.1
0,86.0,0.86,0.0
87,86.0,0.86,74.82
0,86.0,0.86,0.0
0,86.0,0.86,0.0
0,86.0,0.86,0.0
0,86.0,0.86,0.0
0,86.0,0.86,0.0
0,86.0,0.86,0.0
85,86.0,0.86,73.1
0,86.0,0.86,0.0
0,86.0,0.86,0.0
0,86.0,0.86,0.0
0,86.0,0.86,0.0
0,86.0,0.86,0.0
0,86.0,0.86,0.0
0,77.0,0.77,0.0
0,77.0,0.77,0.0
0,77.0,0.77,0.0
0,77.0,0.77,0.0
95,77.0,0.77,73.15
99,77.0,0.77,76.23
0,77.0,0.77,0.0
0,77.0,0.77,0.0
0,77.0,0.77,0.0
0,77.0,0.77,0.0
0,77.0,0.77,0.0
0,77.0,0.77,0.0
0,77.0,0.77,0.0
100,77.0,0.77,77.0
0,77.0,0.77,0.0
0,77.0,0.77,0.0
0,77.0,0.77,0.0
0,77.0,0.77,0.0
0,77.0,0.77,0.0
0,77.0,0.77,0.0
0,77.0,0.77,0.0
0,77.0,0.77,0.0
0,77.0,0.77,0.0
0,77.0,0.77,0.0
0,77.0,0.77,0.0
0,77.0,0.77,0.0
0,77.0,0.77,0.0
0,77.0,0.77,0.0
0,77.0,0.77,0.0
100,77.0,0.77,77.0
0,68.0,0.68,0.0
0,68.0,0.68,0.0
0,68.0,0.68,0.0
0,68.0,0.68,0.0
0,68.0,0.68,0.0
0,68.0,0.68,0.0
0,68.0,0.68,0.0
0,68.0,0.68,0.0
0,68.0,0.68,0.0
0,68.0,0.68,0.0
0,68.0,0.68,0.0
0,68.0,0.68,0.0
82,68.0,0.68,55.760000000000005
0,68.0,0.68,0.0
0,68.0,0.68,0.0
0,68.0,0.68,0.0
0,68.0,0.68,0.0
0,68.0,0.68,0.0
0,68.0,0.68,0.0
0,68.0,0.68,0.0
89,68.0,0.68,60.52
0,68.0,0.68,0.0
0,68.0,0.68,0.0
0,68.0,0.68,0.0
100,68.0,0.68,68.0
87,68.0,0.68,59.160000000000004
86,68.0,0.68,58.480000000000004
89,68.0,0.68,60.52
94,68.0,0.68,63.92
0,68.0,0.68,0.0
0,68.0,0.68,0.0
0,65.0,0.65,0.0
0,65.0,0.65,0.0
0,65.0,0.65,0.0
91,65.0,0.65,59.15
100,65.0,0.65,65.0
0,65.0,0.65,0.0
90,65.0,0.65,58.5
0,65.0,0.65,0.0
0,65.0,0.65,0.0
0,65.0,0.65,0.0
91,65.0,0.65,59.15
0,65.0,0.65,0.0
0,65.0,0.65,0.0
0,65.0,0.65,0.0
0,65.0,0.65,0.0
87,65.0,0.65,56.550000000000004
89,65.0,0.65,57.85
91,65.0,0.65,59.15
0,65.0,0.65,0.0
0,65.0,0.65,0.0
86,65.0,0.65,55.9
0,65.0,0.65,0.0
0,65.0,0.65,0.0
0,65.0,0.65,0.0
0,65.0,0.65,0.0
0,65.0,0.65,0.0
97,65.0,0.65,63.050000000000004
0,65.0,0.65,0.0
0,65.0,0.65,0.0
0,65.0,0.65,0.0
0,65.0,0.65,0.0
0,57.0,0.57,0.0
0,57.0,0.57,0.0
0,57.0,0.57,0.0
0,57.0,0.57,0.0
0,57.0,0.57,0.0
0,57.0,0.57,0.0
96,57.0,0.57,54.72
95,57.0,0.57,54.15
0,57.0,0.57,0.0
0,57.0,0.57,0.0
0,57.0,0.57,0.0
0,57.0,0.57,0.0
0,57.0,0.57,0.0
98,57.0,0.57,55.85999999999999
97,57.0,0.57,55.28999999999999
0,57.0,0.57,0.0
0,57.0,0.57,0.0
0,57.0,0.57,0.0
0,57.0,0.57,0.0
0,57.0,0.57,0.0
0,57.0,0.57,0.0
100,57.0,0.57,56.99999999999999
0,57.0,0.57,0.0
0,57.0,0.57,0.0
0,57.0,0.57,0.0
0,57.0,0.57,0.0
0,57.0,0.57,0.0
98,57.0,0.57,55.85999999999999
0,42.0,0.42,0.0
0,42.0,0.42,0.0
0,42.0,0.42,0.0
0,42.0,0.42,0.0
0,42.0,0.42,0.0
0,42.0,0.42,0.0
0,42.0,0.42,0.0
0,42.0,0.42,0.0
0,42.0,0.42,0.0
0,42.0,0.42,0.0
0,42.0,0.42,0.0
0,42.0,0.42,0.0
86,42.0,0.42,36.12
0,42.0,0.42,0.0
0,42.0,0.42,0.0
0,42.0,0.42,0.0
0,42.0,0.42,0.0
0,42.0,0.42,0.0
0,42.0,0.42,0.0
0,42.0,0.42,0.0
0,42.0,0.42,0.0
91,42.0,0.42,38.22
0,42.0,0.42,0.0
0,42.0,0.42,0.0
0,42.0,0.42,0.0
88,42.0,0.42,36.96
89,42.0,0.42,37.379999999999995
0,42.0,0.42,0.0
92,42.0,0.42,38.64
0,42.0,0.42,0.0
100,42.0,0.42,42.0
0,44.0,0.44,0.0
0,44.0,0.44,0.0
0,44.0,0.44,0.0
48,44.0,0.44,21.12
49,44.0,0.44,21.56
55,44.0,0.44,24.2
0,44.0,0.44,0.0
0,44.0,0.44,0.0
47,44.0,0.44,20.68
49,44.0,0.44,21.56
50,44.0,0.44,22.0
50,44.0,0.44,22.0
0,44.0,0.44,0.0
0,44.0,0.44,0.0
48,44.0,0.44,21.12
100,44.0,0.44,44.0
0,44.0,0.44,0.0
0,44.0,0.44,0.0
0,44.0,0.44,0.0
0,44.0,0.44,0.0
0,44.0,0.44,0.0
0,44.0,0.44,0.0
49,44.0,0.44,21.56
0,44.0,0.44,0.0
0,44.0,0.44,0.0
0,44.0,0.44,0.0
0,44.0,0.44,0.0
0,44.0,0.44,0.0
47,44.0,0.44,20.68
47,44.0,0.44,20.68
0,63.0,0.63,0.0
0,63.0,0.63,0.0
0,63.0,0.63,0.0
0,63.0,0.63,0.0
0,63.0,0.63,0.0
0,63.0,0.63,0.0
0,63.0,0.63,0.0
68,63.0,0.63,42.84
68,63.0,0.63,42.84
72,63.0,0.63,45.36
0,63.0,0.63,0.0
0,63.0,0.63,0.0
0,63.0,0.63,0.0
0,63.0,0.63,0.0
0,63.0,0.63,0.0
69,63.0,0.63,43.47
0,63.0,0.63,0.0
0,63.0,0.63,0.0
0,63.0,0.63,0.0
0,63.0,0.63,0.0
0,63.0,0.63,0.0
0,63.0,0.63,0.0
0,63.0,0.63,0.0
72,63.0,0.63,45.36
0,63.0,0.63,0.0
0,63.0,0.63,0.0
0,63.0,0.63,0.0
100,63.0,0.63,63.0
0,63.0,0.63,0.0
0,63.0,0.63,0.0
0,63.0,0.63,0.0
0,55.0,0.55,0.0
0,55.0,0.55,0.0
100,55.0,0.55,55.00000000000001
67,55.0,0.55,36.85
67,55.0,0.55,36.85
0,55.0,0.55,0.0
0,55.0,0.55,0.0
0,55.0,0.55,0.0
0,55.0,0.55,0.0
0,55.0,0.55,0.0
0,55.0,0.55,0.0
0,55.0,0.55,0.0
0,55.0,0.55,0.0
0,55.0,0.55,0.0
0,55.0,0.55,0.0
0,55.0,0.55,0.0
0,55.0,0.55,0.0
0,55.0,0.55,0.0
67,55.0,0.55,36.85
0,55.0,0.55,0.0
0,55.0,0.55,0.0
79,55.0,0.55,43.45
0,55.0,0.55,0.0
0,55.0,0.55,0.0
0,55.0,0.55,0.0
0,55.0,0.55,0.0
0,55.0,0.55,0.0
0,55.0,0.55,0.0
0,55.0,0.55,0.0
0,55.0,0.55,0.0
0,75.0,0.75,0.0
0,75.0,0.75,0.0
0,75.0,0.75,0.0
0,75.0,0.75,0.0
0,75.0,0.75,0.0
0,75.0,0.75,0.0
0,75.0,0.75,0.0
83,75.0,0.75,62.25
0,75.0,0.75,0.0
0,75.0,0.75,0.0
0,75.0,0.75,0.0
0,75.0,0.75,0.0
0,75.0,0.75,0.0
0,75.0,0.75,0.0
85,75.0,0.75,63.75
0,75.0,0.75,0.0
85,75.0,0.75,63.75
0,75.0,0.75,0.0
0,75.0,0.75,0.0
100,75.0,0.75,75.0
0,75.0,0.75,0.0
87,75.0,0.75,65.25
0,75.0,0.75,0.0
0,75.0,0.75,0.0
0,75.0,0.75,0.0
0,75.0,0.75,0.0
0,75.0,0.75,0.0
0,75.0,0.75,0.0
0,75.0,0.75,0.0
0,75.0,0.75,0.0
0,75.0,0.75,0.0
0,75.0,0.75,0.0
0,75.0,0.75,0.0
0,75.0,0.75,0.0
0,75.0,0.75,0.0
0,75.0,0.75,0.0
0,75.0,0.75,0.0
0,75.0,0.75,0.0
0,75.0,0.75,0.0
0,75.0,0.75,0.0
0,75.0,0.75,0.0
0,75.0,0.75,0.0
0,75.0,0.75,0.0
97,75.0,0.75,72.75
0,75.0,0.75,0.0
0,75.0,0.75,0.0
100,75.0,0.75,75.0
0,75.0,0.75,0.0
0,75.0,0.75,0.0
0,75.0,0.75,0.0
0,75.0,0.75,0.0
0,75.0,0.75,0.0
0,75.0,0.75,0.0
0,75.0,0.75,0.0
0,75.0,0.75,0.0
0,75.0,0.75,0.0
0,75.0,0.75,0.0
0,75.0,0.75,0.0
0,75.0,0.75,0.0
0,75.0,0.75,0.0
0,75.0,0.75,0.0
0,75.0,0.75,0.0
0,83.0,0.83,0.0
0,83.0,0.83,0.0
0,83.0,0.83,0.0
34,83.0,0.83,28.22
34,83.0,0.83,28.22
0,83.0,0.83,0.0
0,83.0,0.83,0.0
0,83.0,0.83,0.0
0,83.0,0.83,0.0
0,83.0,0.83,0.0
0,83.0,0.83,0.0
34,83.0,0.83,28.22
70,83.0,0.83,58.099999999999994
0,83.0,0.83,0.0
0,83.0,0.83,0.0
0,83.0,0.83,0.0
0,83.0,0.83,0.0
0,83.0,0.83,0.0
0,83.0,0.83,0.0
35,83.0,0.83,29.049999999999997
0,83.0,0.83,0.0
75,83.0,0.83,62.25
0,83.0,0.83,0.0
0,83.0,0.83,0.0
0,83.0,0.83,0.0
34,83.0,0.83,28.22
0,83.0,0.83,0.0
0,83.0,0.83,0.0
0,83.0,0.83,0.0
100,83.0,0.83,83.0
0,79.0,0.79,0.0
50,79.0,0.79,39.5
0,79.0,0.79,0.0
0,79.0,0.79,0.0
0,79.0,0.79,0.0
0,79.0,0.79,0.0
0,79.0,0.79,0.0
0,79.0,0.79,0.0
0,79.0,0.79,0.0
0,79.0,0.79,0.0
0,79.0,0.79,0.0
0,79.0,0.79,0.0
0,79.0,0.79,0.0
0,79.0,0.79,0.0
0,79.0,0.79,0.0
0,79.0,0.79,0.0
0,79.0,0.79,0.0
0,79.0,0.79,0.0
0,79.0,0.79,0.0
0,79.0,0.79,0.0
100,79.0,0.79,79.0
0,79.0,0.79,0.0
0,79.0,0.79,0.0
51,79.0,0.79,40.29
0,79.0,0.79,0.0
0,79.0,0.79,0.0
0,79.0,0.79,0.0
52,79.0,0.79,41.08
0,79.0,0.79,0.0
0,79.0,0.79,0.0
0,79.0,0.79,0.0
0,61.0,0.61,0.0
0,61.0,0.61,0.0
0,61.0,0.61,0.0
0,61.0,0.61,0.0
63,61.0,0.61,38.43
64,61.0,0.61,39.04
66,61.0,0.61,40.26
0,61.0,0.61,0.0
0,61.0,0.61,0.0
0,61.0,0.61,0.0
0,61.0,0.61,0.0
0,61.0,0.61,0.0
0,61.0,0.61,0.0
63,61.0,0.61,38.43
0,61.0,0.61,0.0
0,61.0,0.61,0.0
72,61.0,0.61,43.92
0,61.0,0.61,0.0
0,61.0,0.61,0.0
0,61.0,0.61,0.0
100,61.0,0.61,61.0
66,61.0,0.61,40.26
0,61.0,0.61,0.0
0,61.0,0.61,0.0
0,61.0,0.61,0.0
0,61.0,0.61,0.0
0,61.0,0.61,0.0
0,61.0,0.61,0.0
0,61.0,0.61,0.0
0,61.0,0.61,0.0
