short S&P500_unscaled,short S&P500_monthly,scale,short S&P500
0,0.0,0.0,0.0
0,0.0,0.0,0.0
0,0.0,0.0,0.0
88,0.0,0.0,0.0
100,0.0,0.0,0.0
0,0.0,0.0,0.0
0,0.0,0.0,0.0
0,0.0,0.0,0.0
0,0.0,0.0,0.0
0,0.0,0.0,0.0
0,0.0,0.0,0.0
94,0.0,0.0,0.0
0,0.0,0.0,0.0
0,0.0,0.0,0.0
0,0.0,0.0,0.0
0,0.0,0.0,0.0
0,0.0,0.0,0.0
0,0.0,0.0,0.0
0,0.0,0.0,0.0
0,0.0,0.0,0.0
0,0.0,0.0,0.0
0,0.0,0.0,0.0
0,0.0,0.0,0.0
0,0.0,0.0,0.0
0,0.0,0.0,0.0
0,0.0,0.0,0.0
0,0.0,0.0,0.0
0,0.0,0.0,0.0
0,0.0,0.0,0.0
0,0.0,0.0,0.0
79,0.0,0.0,0.0
0,31.0,0.31,0.0
0,31.0,0.31,0.0
0,31.0,0.31,0.0
0,31.0,0.31,0.0
0,31.0,0.31,0.0
0,31.0,0.31,0.0
0,31.0,0.31,0.0
0,31.0,0.31,0.0
0,31.0,0.31,0.0
0,31.0,0.31,0.0
0,31.0,0.31,0.0
0,31.0,0.31,0.0
0,31.0,0.31,0.0
0,31.0,0.31,0.0
0,31.0,0.31,0.0
0,31.0,0.31,0.0
0,31.0,0.31,0.0
0,31.0,0.31,0.0
0,31.0,0.31,0.0
0,31.0,0.31,0.0
0,31.0,0.31,0.0
0,31.0,0.31,0.0
0,31.0,0.31,0.0
0,31.0,0.31,0.0
0,31.0,0.31,0.0
100,31.0,0.31,31.0
0,31.0,0.31,0.0
0,31.0,0.31,0.0
0,21.0,0.21,0.0
97,21.0,0.21,20.37
0,21.0,0.21,0.0
82,21.0,0.21,17.22
80,21.0,0.21,16.8
0,21.0,0.21,0.0
82,21.0,0.21,17.22
0,21.0,0.21,0.0
0,21.0,0.21,0.0
0,21.0,0.21,0.0
0,21.0,0.21,0.0
0,21.0,0.21,0.0
0,21.0,0.21,0.0
0,21.0,0.21,0.0
0,21.0,0.21,0.0
0,21.0,0.21,0.0
0,21.0,0.21,0.0
0,21.0,0.21,0.0
0,21.0,0.21,0.0
0,21.0,0.21,0.0
0,21.0,0.21,0.0
0,21.0,0.21,0.0
95,21.0,0.21,19.95
0,21.0,0.21,0.0
0,21.0,0.21,0.0
0,21.0,0.21,0.0
0,21.0,0.21,0.0
0,21.0,0.21,0.0
0,21.0,0.21,0.0
100,21.0,0.21,21.0
0,21.0,0.21,0.0
0,28.0,0.28,0.0
0,28.0,0.28,0.0
0,28.0,0.28,0.0
0,28.0,0.28,0.0
0,28.0,0.28,0.0
0,28.0,0.28,0.0
0,28.0,0.28,0.0
0,28.0,0.28,0.0
93,28.0,0.28,26.040000000000003
0,28.0,0.28,0.0
0,28.0,0.28,0.0
0,28.0,0.28,0.0
0,28.0,0.28,0.0
0,28.0,0.28,0.0
0,28.0,0.28,0.0
0,28.0,0.28,0.0
96,28.0,0.28,26.880000000000003
0,28.0,0.28,0.0
0,28.0,0.28,0.0
0,28.0,0.28,0.0
0,28.0,0.28,0.0
96,28.0,0.28,26.880000000000003
0,28.0,0.28,0.0
0,28.0,0.28,0.0
100,28.0,0.28,28.000000000000004
0,28.0,0.28,0.0
0,28.0,0.28,0.0
0,28.0,0.28,0.0
0,28.0,0.28,0.0
0,28.0,0.28,0.0
0,34.0,0.34,0.0
0,34.0,0.34,0.0
0,34.0,0.34,0.0
0,34.0,0.34,0.0
100,34.0,0.34,34.0
0,34.0,0.34,0.0
0,34.0,0.34,0.0
0,34.0,0.34,0.0
0,34.0,0.34,0.0
88,34.0,0.34,29.92
99,34.0,0.34,33.660000000000004
99,34.0,0.34,33.660000000000004
0,34.0,0.34,0.0
0,34.0,0.34,0.0
0,34.0,0.34,0.0
0,34.0,0.34,0.0
85,34.0,0.34,28.900000000000002
0,34.0,0.34,0.0
0,34.0,0.34,0.0
83,34.0,0.34,28.220000000000002
0,34.0,0.34,0.0
0,34.0,0.34,0.0
0,34.0,0.34,0.0
0,34.0,0.34,0.0
0,34.0,0.34,0.0
0,34.0,0.34,0.0
0,34.0,0.34,0.0
0,34.0,0.34,0.0
0,34.0,0.34,0.0
83,34.0,0.34,28.220000000000002
0,34.0,0.34,0.0
0,28.0,0.28,0.0
0,28.0,0.28,0.0
0,28.0,0.28,0.0
0,28.0,0.28,0.0
0,28.0,0.28,0.0
0,28.0,0.28,0.0
0,28.0,0.28,0.0
0,28.0,0.28,0.0
0,28.0,0.28,0.0
0,28.0,0.28,0.0
0,28.0,0.28,0.0
0,28.0,0.28,0.0
0,28.0,0.28,0.0
84,28.0,0.28,23.520000000000003
0,28.0,0.28,0.0
0,28.0,0.28,0.0
0,28.0,0.28,0.0
0,28.0,0.28,0.0
0,28.0,0.28,0.0
0,28.0,0.28,0.0
0,28.0,0.28,0.0
0,28.0,0.28,0.0
0,28.0,0.28,0.0
0,28.0,0.28,0.0
79,28.0,0.28,22.12
0,28.0,0.28,0.0
0,28.0,0.28,0.0
0,28.0,0.28,0.0
0,28.0,0.28,0.0
100,28.0,0.28,28.000000000000004
86,21.0,0.21,18.06
0,21.0,0.21,0.0
0,21.0,0.21,0.0
0,21.0,0.21,0.0
0,21.0,0.21,0.0
0,21.0,0.21,0.0
0,21.0,0.21,0.0
0,21.0,0.21,0.0
0,21.0,0.21,0.0
0,21.0,0.21,0.0
0,21.0,0.21,0.0
0,21.0,0.21,0.0
0,21.0,0.21,0.0
0,21.0,0.21,0.0
0,21.0,0.21,0.0
0,21.0,0.21,0.0
0,21.0,0.21,0.0
100,21.0,0.21,21.0
0,21.0,0.21,0.0
83,21.0,0.21,17.43
83,21.0,0.21,17.43
83,21.0,0.21,17.43
0,21.0,0.21,0.0
0,21.0,0.21,0.0
0,21.0,0.21,0.0
0,21.0,0.21,0.0
0,21.0,0.21,0.0
0,21.0,0.21,0.0
0,21.0,0.21,0.0
0,21.0,0.21,0.0
0,21.0,0.21,0.0
0,13.0,0.13,0.0
0,13.0,0.13,0.0
0,13.0,0.13,0.0
88,13.0,0.13,11.440000000000001
0,13.0,0.13,0.0
0,13.0,0.13,0.0
0,13.0,0.13,0.0
0,13.0,0.13,0.0
0,13.0,0.13,0.0
0,13.0,0.13,0.0
0,13.0,0.13,0.0
0,13.0,0.13,0.0
0,13.0,0.13,0.0
100,13.0,0.13,13.0
0,13.0,0.13,0.0
0,13.0,0.13,0.0
0,13.0,0.13,0.0
0,13.0,0.13,0.0
0,13.0,0.13,0.0
0,13.0,0.13,0.0
0,13.0,0.13,0.0
0,13.0,0.13,0.0
0,13.0,0.13,0.0
0,13.0,0.13,0.0
0,13.0,0.13,0.0
0,13.0,0.13,0.0
0,13.0,0.13,0.0
0,13.0,0.13,0.0
0,13.0,0.13,0.0
0,13.0,0.13,0.0
0,25.0,0.25,0.0
0,25.0,0.25,0.0
0,25.0,0.25,0.0
87,25.0,0.25,21.75
0,25.0,0.25,0.0
0,25.0,0.25,0.0
0,25.0,0.25,0.0
0,25.0,0.25,0.0
84,25.0,0.25,21.0
0,25.0,0.25,0.0
0,25.0,0.25,0.0
0,25.0,0.25,0.0
100,25.0,0.25,25.0
0,25.0,0.25,0.0
0,25.0,0.25,0.0
0,25.0,0.25,0.0
0,25.0,0.25,0.0
0,25.0,0.25,0.0
0,25.0,0.25,0.0
0,25.0,0.25,0.0
0,25.0,0.25,0.0
0,25.0,0.25,0.0
0,25.0,0.25,0.0
0,25.0,0.25,0.0
0,25.0,0.25,0.0
0,25.0,0.25,0.0
0,25.0,0.25,0.0
0,25.0,0.25,0.0
0,25.0,0.25,0.0
0,25.0,0.25,0.0
0,25.0,0.25,0.0
0,19.0,0.19,0.0
0,19.0,0.19,0.0
100,19.0,0.19,19.0
0,19.0,0.19,0.0
0,19.0,0.19,0.0
0,19.0,0.19,0.0
0,19.0,0.19,0.0
0,19.0,0.19,0.0
0,19.0,0.19,0.0
0,19.0,0.19,0.0
0,19.0,0.19,0.0
81,19.0,0.19,15.39
0,19.0,0.19,0.0
0,19.0,0.19,0.0
0,19.0,0.19,0.0
0,19.0,0.19,0.0
0,19.0,0.19,0.0
0,19.0,0.19,0.0
0,19.0,0.19,0.0
0,19.0,0.19,0.0
85,19.0,0.19,16.15
88,19.0,0.19,16.72
0,19.0,0.19,0.0
0,19.0,0.19,0.0
0,19.0,0.19,0.0
80,19.0,0.19,15.2
0,19.0,0.19,0.0
0,19.0,0.19,0.0
0,19.0,0.19,0.0
0,19.0,0.19,0.0
0,24.0,0.24,0.0
0,24.0,0.24,0.0
0,24.0,0.24,0.0
100,24.0,0.24,24.0
0,24.0,0.24,0.0
90,24.0,0.24,21.599999999999998
87,24.0,0.24,20.88
0,24.0,0.24,0.0
0,24.0,0.24,0.0
0,24.0,0.24,0.0
0,24.0,0.24,0.0
0,24.0,0.24,0.0
0,24.0,0.24,0.0
0,24.0,0.24,0.0
0,24.0,0.24,0.0
87,24.0,0.24,20.88
0,24.0,0.24,0.0
0,24.0,0.24,0.0
99,24.0,0.24,23.759999999999998
0,24.0,0.24,0.0
0,24.0,0.24,0.0
0,24.0,0.24,0.0
0,24.0,0.24,0.0
0,24.0,0.24,0.0
0,24.0,0.24,0.0
0,24.0,0.24,0.0
0,24.0,0.24,0.0
0,24.0,0.24,0.0
0,24.0,0.24,0.0
0,24.0,0.24,0.0
0,24.0,0.24,0.0
100,46.0,0.46,46.0
0,46.0,0.46,0.0
84,46.0,0.46,38.64
86,46.0,0.46,39.56
0,46.0,0.46,0.0
0,46.0,0.46,0.0
0,46.0,0.46,0.0
0,46.0,0.46,0.0
0,46.0,0.46,0.0
84,46.0,0.46,38.64
0,46.0,0.46,0.0
0,46.0,0.46,0.0
0,46.0,0.46,0.0
91,46.0,0.46,41.86
0,46.0,0.46,0.0
0,46.0,0.46,0.0
85,46.0,0.46,39.1
0,46.0,0.46,0.0
0,46.0,0.46,0.0
86,46.0,0.46,39.56
89,46.0,0.46,40.940000000000005
0,46.0,0.46,0.0
0,46.0,0.46,0.0
84,46.0,0.46,38.64
0,46.0,0.46,0.0
0,46.0,0.46,0.0
85,46.0,0.46,39.1
89,46.0,0.46,40.940000000000005
0,24.0,0.24,0.0
0,24.0,0.24,0.0
99,24.0,0.24,23.759999999999998
0,24.0,0.24,0.0
0,24.0,0.24,0.0
100,24.0,0.24,24.0
0,24.0,0.24,0.0
0,24.0,0.24,0.0
0,24.0,0.24,0.0
0,24.0,0.24,0.0
0,24.0,0.24,0.0
95,24.0,0.24,22.8
0,24.0,0.24,0.0
0,24.0,0.24,0.0
0,24.0,0.24,0.0
0,24.0,0.24,0.0
0,24.0,0.24,0.0
0,24.0,0.24,0.0
0,24.0,0.24,0.0
0,24.0,0.24,0.0
0,24.0,0.24,0.0
0,24.0,0.24,0.0
0,24.0,0.24,0.0
0,24.0,0.24,0.0
93,24.0,0.24,22.32
96,24.0,0.24,23.04
0,24.0,0.24,0.0
0,24.0,0.24,0.0
0,24.0,0.24,0.0
0,24.0,0.24,0.0
0,24.0,0.24,0.0
0,31.0,0.31,0.0
0,31.0,0.31,0.0
83,31.0,0.31,25.73
0,31.0,0.31,0.0
0,31.0,0.31,0.0
0,31.0,0.31,0.0
0,31.0,0.31,0.0
0,31.0,0.31,0.0
0,31.0,0.31,0.0
0,31.0,0.31,0.0
0,31.0,0.31,0.0
100,31.0,0.31,31.0
0,31.0,0.31,0.0
83,31.0,0.31,25.73
0,31.0,0.31,0.0
0,31.0,0.31,0.0
0,31.0,0.31,0.0
0,31.0,0.31,0.0
0,31.0,0.31,0.0
0,31.0,0.31,0.0
0,31.0,0.31,0.0
0,31.0,0.31,0.0
0,31.0,0.31,0.0
0,31.0,0.31,0.0
0,31.0,0.31,0.0
0,31.0,0.31,0.0
95,31.0,0.31,29.45
0,31.0,0.31,0.0
82,31.0,0.31,25.419999999999998
0,31.0,0.31,0.0
95,12.0,0.12,11.4
93,12.0,0.12,11.16
0,12.0,0.12,0.0
0,12.0,0.12,0.0
0,12.0,0.12,0.0
84,12.0,0.12,10.08
0,12.0,0.12,0.0
0,12.0,0.12,0.0
0,12.0,0.12,0.0
0,12.0,0.12,0.0
100,12.0,0.12,12.0
0,12.0,0.12,0.0
0,12.0,0.12,0.0
0,12.0,0.12,0.0
0,12.0,0.12,0.0
0,12.0,0.12,0.0
0,12.0,0.12,0.0
0,12.0,0.12,0.0
0,12.0,0.12,0.0
86,12.0,0.12,10.32
0,12.0,0.12,0.0
0,12.0,0.12,0.0
0,12.0,0.12,0.0
0,12.0,0.12,0.0
0,12.0,0.12,0.0
0,12.0,0.12,0.0
0,12.0,0.12,0.0
94,12.0,0.12,11.28
0,12.0,0.12,0.0
0,12.0,0.12,0.0
0,12.0,0.12,0.0
0,27.0,0.27,0.0
0,27.0,0.27,0.0
0,27.0,0.27,0.0
0,27.0,0.27,0.0
0,27.0,0.27,0.0
0,27.0,0.27,0.0
0,27.0,0.27,0.0
100,27.0,0.27,27.0
0,27.0,0.27,0.0
0,27.0,0.27,0.0
0,27.0,0.27,0.0
0,27.0,0.27,0.0
0,27.0,0.27,0.0
0,27.0,0.27,0.0
49,27.0,0.27,13.23
0,27.0,0.27,0.0
0,27.0,0.27,0.0
0,27.0,0.27,0.0
0,27.0,0.27,0.0
0,27.0,0.27,0.0
0,27.0,0.27,0.0
0,27.0,0.27,0.0
0,27.0,0.27,0.0
0,27.0,0.27,0.0
41,27.0,0.27,11.07
0,27.0,0.27,0.0
0,27.0,0.27,0.0
0,27.0,0.27,0.0
0,27.0,0.27,0.0
0,27.0,0.27,0.0
0,20.0,0.2,0.0
0,20.0,0.2,0.0
0,20.0,0.2,0.0
100,20.0,0.2,20.0
0,20.0,0.2,0.0
0,20.0,0.2,0.0
0,20.0,0.2,0.0
0,20.0,0.2,0.0
0,20.0,0.2,0.0
91,20.0,0.2,18.2
0,20.0,0.2,0.0
0,20.0,0.2,0.0
0,20.0,0.2,0.0
0,20.0,0.2,0.0
0,20.0,0.2,0.0
92,20.0,0.2,18.400000000000002
92,20.0,0.2,18.400000000000002
0,20.0,0.2,0.0
0,20.0,0.2,0.0
0,20.0,0.2,0.0
0,20.0,0.2,0.0
0,20.0,0.2,0.0
0,20.0,0.2,0.0
0,20.0,0.2,0.0
0,20.0,0.2,0.0
0,20.0,0.2,0.0
0,20.0,0.2,0.0
0,20.0,0.2,0.0
0,20.0,0.2,0.0
0,20.0,0.2,0.0
0,20.0,0.2,0.0
0,27.0,0.27,0.0
0,27.0,0.27,0.0
0,27.0,0.27,0.0
0,27.0,0.27,0.0
0,27.0,0.27,0.0
0,27.0,0.27,0.0
0,27.0,0.27,0.0
0,27.0,0.27,0.0
0,27.0,0.27,0.0
0,27.0,0.27,0.0
0,27.0,0.27,0.0
0,27.0,0.27,0.0
0,27.0,0.27,0.0
0,27.0,0.27,0.0
0,27.0,0.27,0.0
0,27.0,0.27,0.0
0,27.0,0.27,0.0
0,27.0,0.27,0.0
0,27.0,0.27,0.0
0,27.0,0.27,0.0
0,27.0,0.27,0.0
0,27.0,0.27,0.0
0,27.0,0.27,0.0
0,27.0,0.27,0.0
0,27.0,0.27,0.0
0,27.0,0.27,0.0
0,27.0,0.27,0.0
0,27.0,0.27,0.0
100,27.0,0.27,27.0
0,27.0,0.27,0.0
0,27.0,0.27,0.0
0,32.0,0.32,0.0
99,32.0,0.32,31.68
0,32.0,0.32,0.0
0,32.0,0.32,0.0
0,32.0,0.32,0.0
0,32.0,0.32,0.0
0,32.0,0.32,0.0
0,32.0,0.32,0.0
0,32.0,0.32,0.0
0,32.0,0.32,0.0
0,32.0,0.32,0.0
0,32.0,0.32,0.0
0,32.0,0.32,0.0
0,32.0,0.32,0.0
0,32.0,0.32,0.0
0,32.0,0.32,0.0
0,32.0,0.32,0.0
0,32.0,0.32,0.0
0,32.0,0.32,0.0
0,32.0,0.32,0.0
0,32.0,0.32,0.0
0,32.0,0.32,0.0
0,32.0,0.32,0.0
100,32.0,0.32,32.0
0,32.0,0.32,0.0
0,32.0,0.32,0.0
0,32.0,0.32,0.0
0,32.0,0.32,0.0
100,32.0,0.32,32.0
0,32.0,0.32,0.0
83,85.0,0.85,70.55
0,85.0,0.85,0.0
89,85.0,0.85,75.64999999999999
0,85.0,0.85,0.0
0,85.0,0.85,0.0
82,85.0,0.85,69.7
0,85.0,0.85,0.0
0,85.0,0.85,0.0
83,85.0,0.85,70.55
0,85.0,0.85,0.0
100,85.0,0.85,85.0
0,85.0,0.85,0.0
82,85.0,0.85,69.7
82,85.0,0.85,69.7
83,85.0,0.85,70.55
84,85.0,0.85,71.39999999999999
0,85.0,0.85,0.0
99,85.0,0.85,84.14999999999999
0,85.0,0.85,0.0
0,85.0,0.85,0.0
0,85.0,0.85,0.0
0,85.0,0.85,0.0
0,85.0,0.85,0.0
0,85.0,0.85,0.0
0,85.0,0.85,0.0
0,85.0,0.85,0.0
0,85.0,0.85,0.0
0,85.0,0.85,0.0
0,85.0,0.85,0.0
0,85.0,0.85,0.0
0,85.0,0.85,0.0
0,44.0,0.44,0.0
0,44.0,0.44,0.0
0,44.0,0.44,0.0
0,44.0,0.44,0.0
0,44.0,0.44,0.0
0,44.0,0.44,0.0
68,44.0,0.44,29.92
0,44.0,0.44,0.0
0,44.0,0.44,0.0
64,44.0,0.44,28.16
0,44.0,0.44,0.0
0,44.0,0.44,0.0
0,44.0,0.44,0.0
66,44.0,0.44,29.04
0,44.0,0.44,0.0
0,44.0,0.44,0.0
63,44.0,0.44,27.72
69,44.0,0.44,30.36
0,44.0,0.44,0.0
0,44.0,0.44,0.0
100,44.0,0.44,44.0
0,44.0,0.44,0.0
0,44.0,0.44,0.0
0,44.0,0.44,0.0
63,44.0,0.44,27.72
63,44.0,0.44,27.72
0,44.0,0.44,0.0
0,44.0,0.44,0.0
0,44.0,0.44,0.0
74,44.0,0.44,32.56
0,25.0,0.25,0.0
0,25.0,0.25,0.0
0,25.0,0.25,0.0
0,25.0,0.25,0.0
0,25.0,0.25,0.0
0,25.0,0.25,0.0
0,25.0,0.25,0.0
0,25.0,0.25,0.0
0,25.0,0.25,0.0
0,25.0,0.25,0.0
0,25.0,0.25,0.0
0,25.0,0.25,0.0
0,25.0,0.25,0.0
0,25.0,0.25,0.0
95,25.0,0.25,23.75
0,25.0,0.25,0.0
0,25.0,0.25,0.0
0,25.0,0.25,0.0
0,25.0,0.25,0.0
0,25.0,0.25,0.0
0,25.0,0.25,0.0
100,25.0,0.25,25.0
0,25.0,0.25,0.0
0,25.0,0.25,0.0
0,25.0,0.25,0.0
0,25.0,0.25,0.0
0,25.0,0.25,0.0
0,25.0,0.25,0.0
0,25.0,0.25,0.0
0,25.0,0.25,0.0
0,25.0,0.25,0.0
0,40.0,0.4,0.0
0,40.0,0.4,0.0
0,40.0,0.4,0.0
0,40.0,0.4,0.0
100,40.0,0.4,40.0
0,40.0,0.4,0.0
0,40.0,0.4,0.0
97,40.0,0.4,38.800000000000004
0,40.0,0.4,0.0
0,40.0,0.4,0.0
0,40.0,0.4,0.0
0,40.0,0.4,0.0
0,40.0,0.4,0.0
0,40.0,0.4,0.0
0,40.0,0.4,0.0
0,40.0,0.4,0.0
0,40.0,0.4,0.0
0,40.0,0.4,0.0
95,40.0,0.4,38.0
0,40.0,0.4,0.0
0,40.0,0.4,0.0
0,40.0,0.4,0.0
0,40.0,0.4,0.0
0,40.0,0.4,0.0
0,40.0,0.4,0.0
0,40.0,0.4,0.0
0,40.0,0.4,0.0
0,40.0,0.4,0.0
0,40.0,0.4,0.0
0,40.0,0.4,0.0
0,40.0,0.4,0.0
0,31.0,0.31,0.0
0,31.0,0.31,0.0
0,31.0,0.31,0.0
0,31.0,0.31,0.0
0,31.0,0.31,0.0
0,31.0,0.31,0.0
0,31.0,0.31,0.0
0,31.0,0.31,0.0
0,31.0,0.31,0.0
0,31.0,0.31,0.0
0,31.0,0.31,0.0
0,31.0,0.31,0.0
0,31.0,0.31,0.0
0,31.0,0.31,0.0
0,31.0,0.31,0.0
0,31.0,0.31,0.0
99,31.0,0.31,30.69
100,31.0,0.31,31.0
0,31.0,0.31,0.0
0,31.0,0.31,0.0
0,31.0,0.31,0.0
0,31.0,0.31,0.0
0,31.0,0.31,0.0
97,31.0,0.31,30.07
0,31.0,0.31,0.0
96,31.0,0.31,29.759999999999998
0,31.0,0.31,0.0
0,31.0,0.31,0.0
0,34.0,0.34,0.0
0,34.0,0.34,0.0
68,34.0,0.34,23.12
0,34.0,0.34,0.0
0,34.0,0.34,0.0
74,34.0,0.34,25.16
0,34.0,0.34,0.0
0,34.0,0.34,0.0
0,34.0,0.34,0.0
0,34.0,0.34,0.0
0,34.0,0.34,0.0
69,34.0,0.34,23.46
0,34.0,0.34,0.0
0,34.0,0.34,0.0
0,34.0,0.34,0.0
0,34.0,0.34,0.0
0,34.0,0.34,0.0
0,34.0,0.34,0.0
0,34.0,0.34,0.0
0,34.0,0.34,0.0
0,34.0,0.34,0.0
0,34.0,0.34,0.0
0,34.0,0.34,0.0
0,34.0,0.34,0.0
100,34.0,0.34,34.0
79,34.0,0.34,26.860000000000003
0,34.0,0.34,0.0
0,34.0,0.34,0.0
0,34.0,0.34,0.0
0,34.0,0.34,0.0
0,34.0,0.34,0.0
0,47.0,0.47,0.0
0,47.0,0.47,0.0
0,47.0,0.47,0.0
100,47.0,0.47,47.0
0,47.0,0.47,0.0
0,47.0,0.47,0.0
78,47.0,0.47,36.66
0,47.0,0.47,0.0
80,47.0,0.47,37.599999999999994
84,47.0,0.47,39.48
0,47.0,0.47,0.0
0,47.0,0.47,0.0
0,47.0,0.47,0.0
78,47.0,0.47,36.66
0,47.0,0.47,0.0
0,47.0,0.47,0.0
83,47.0,0.47,39.01
0,47.0,0.47,0.0
0,47.0,0.47,0.0
0,47.0,0.47,0.0
0,47.0,0.47,0.0
0,47.0,0.47,0.0
83,47.0,0.47,39.01
0,47.0,0.47,0.0
93,47.0,0.47,43.71
0,47.0,0.47,0.0
0,47.0,0.47,0.0
0,47.0,0.47,0.0
0,47.0,0.47,0.0
0,47.0,0.47,0.0
0,17.0,0.17,0.0
100,17.0,0.17,17.0
0,17.0,0.17,0.0
0,17.0,0.17,0.0
0,17.0,0.17,0.0
0,17.0,0.17,0.0
0,17.0,0.17,0.0
0,17.0,0.17,0.0
0,17.0,0.17,0.0
0,17.0,0.17,0.0
0,17.0,0.17,0.0
0,17.0,0.17,0.0
0,17.0,0.17,0.0
0,17.0,0.17,0.0
0,17.0,0.17,0.0
0,17.0,0.17,0.0
0,17.0,0.17,0.0
0,17.0,0.17,0.0
0,17.0,0.17,0.0
0,17.0,0.17,0.0
85,17.0,0.17,14.450000000000001
0,17.0,0.17,0.0
0,17.0,0.17,0.0
0,17.0,0.17,0.0
0,17.0,0.17,0.0
0,17.0,0.17,0.0
0,17.0,0.17,0.0
0,17.0,0.17,0.0
87,17.0,0.17,14.790000000000001
0,17.0,0.17,0.0
0,17.0,0.17,0.0
0,29.0,0.29,0.0
0,29.0,0.29,0.0
0,29.0,0.29,0.0
100,29.0,0.29,28.999999999999996
0,29.0,0.29,0.0
0,29.0,0.29,0.0
0,29.0,0.29,0.0
0,29.0,0.29,0.0
94,29.0,0.29,27.259999999999998
96,29.0,0.29,27.839999999999996
0,29.0,0.29,0.0
0,29.0,0.29,0.0
0,29.0,0.29,0.0
0,29.0,0.29,0.0
0,29.0,0.29,0.0
0,29.0,0.29,0.0
0,29.0,0.29,0.0
0,29.0,0.29,0.0
0,29.0,0.29,0.0
0,29.0,0.29,0.0
0,29.0,0.29,0.0
0,29.0,0.29,0.0
0,29.0,0.29,0.0
0,29.0,0.29,0.0
99,29.0,0.29,28.709999999999997
0,29.0,0.29,0.0
0,29.0,0.29,0.0
0,29.0,0.29,0.0
97,29.0,0.29,28.13
0,29.0,0.29,0.0
0,23.0,0.23,0.0
0,23.0,0.23,0.0
0,23.0,0.23,0.0
0,23.0,0.23,0.0
0,23.0,0.23,0.0
99,23.0,0.23,22.77
0,23.0,0.23,0.0
98,23.0,0.23,22.540000000000003
0,23.0,0.23,0.0
0,23.0,0.23,0.0
0,23.0,0.23,0.0
0,23.0,0.23,0.0
0,23.0,0.23,0.0
99,23.0,0.23,22.77
0,23.0,0.23,0.0
0,23.0,0.23,0.0
0,23.0,0.23,0.0
0,23.0,0.23,0.0
0,23.0,0.23,0.0
0,23.0,0.23,0.0
0,23.0,0.23,0.0
100,23.0,0.23,23.0
0,23.0,0.23,0.0
0,23.0,0.23,0.0
0,23.0,0.23,0.0
0,23.0,0.23,0.0
0,23.0,0.23,0.0
0,23.0,0.23,0.0
0,23.0,0.23,0.0
0,23.0,0.23,0.0
0,23.0,0.23,0.0
0,34.0,0.34,0.0
0,34.0,0.34,0.0
0,34.0,0.34,0.0
72,34.0,0.34,24.48
70,34.0,0.34,23.8
0,34.0,0.34,0.0
0,34.0,0.34,0.0
0,34.0,0.34,0.0
0,34.0,0.34,0.0
71,34.0,0.34,24.14
0,34.0,0.34,0.0
0,34.0,0.34,0.0
0,34.0,0.34,0.0
0,34.0,0.34,0.0
0,34.0,0.34,0.0
0,34.0,0.34,0.0
0,34.0,0.34,0.0
0,34.0,0.34,0.0
0,34.0,0.34,0.0
71,34.0,0.34,24.14
0,34.0,0.34,0.0
0,34.0,0.34,0.0
80,34.0,0.34,27.200000000000003
100,34.0,0.34,34.0
67,34.0,0.34,22.78
0,34.0,0.34,0.0
0,34.0,0.34,0.0
71,34.0,0.34,24.14
0,34.0,0.34,0.0
0,34.0,0.34,0.0
0,34.0,0.34,0.0
0,44.0,0.44,0.0
67,44.0,0.44,29.48
68,44.0,0.44,29.92
0,44.0,0.44,0.0
0,44.0,0.44,0.0
0,44.0,0.44,0.0
70,44.0,0.44,30.8
0,44.0,0.44,0.0
0,44.0,0.44,0.0
100,44.0,0.44,44.0
0,44.0,0.44,0.0
0,44.0,0.44,0.0
0,44.0,0.44,0.0
0,44.0,0.44,0.0
0,44.0,0.44,0.0
0,44.0,0.44,0.0
0,44.0,0.44,0.0
69,44.0,0.44,30.36
0,44.0,0.44,0.0
0,44.0,0.44,0.0
0,44.0,0.44,0.0
65,44.0,0.44,28.6
0,44.0,0.44,0.0
0,44.0,0.44,0.0
0,44.0,0.44,0.0
0,44.0,0.44,0.0
0,44.0,0.44,0.0
64,44.0,0.44,28.16
68,44.0,0.44,29.92
0,44.0,0.44,0.0
0,31.0,0.31,0.0
100,31.0,0.31,31.0
0,31.0,0.31,0.0
0,31.0,0.31,0.0
91,31.0,0.31,28.21
0,31.0,0.31,0.0
0,31.0,0.31,0.0
0,31.0,0.31,0.0
0,31.0,0.31,0.0
0,31.0,0.31,0.0
0,31.0,0.31,0.0
94,31.0,0.31,29.14
0,31.0,0.31,0.0
0,31.0,0.31,0.0
0,31.0,0.31,0.0
0,31.0,0.31,0.0
0,31.0,0.31,0.0
0,31.0,0.31,0.0
0,31.0,0.31,0.0
0,31.0,0.31,0.0
0,31.0,0.31,0.0
91,31.0,0.31,28.21
0,31.0,0.31,0.0
0,31.0,0.31,0.0
0,31.0,0.31,0.0
0,31.0,0.31,0.0
0,31.0,0.31,0.0
0,31.0,0.31,0.0
0,31.0,0.31,0.0
95,31.0,0.31,29.45
0,31.0,0.31,0.0
100,21.0,0.21,21.0
82,21.0,0.21,17.22
80,21.0,0.21,16.8
0,21.0,0.21,0.0
82,21.0,0.21,17.22
0,21.0,0.21,0.0
97,21.0,0.21,20.37
0,21.0,0.21,0.0
0,21.0,0.21,0.0
0,21.0,0.21,0.0
83,21.0,0.21,17.43
0,21.0,0.21,0.0
0,21.0,0.21,0.0
0,21.0,0.21,0.0
0,21.0,0.21,0.0
0,21.0,0.21,0.0
0,21.0,0.21,0.0
0,21.0,0.21,0.0
84,21.0,0.21,17.64
0,21.0,0.21,0.0
0,21.0,0.21,0.0
94,21.0,0.21,19.74
0,21.0,0.21,0.0
81,21.0,0.21,17.009999999999998
0,21.0,0.21,0.0
0,21.0,0.21,0.0
0,21.0,0.21,0.0
0,21.0,0.21,0.0
0,21.0,0.21,0.0
0,21.0,0.21,0.0
0,27.0,0.27,0.0
0,27.0,0.27,0.0
79,27.0,0.27,21.330000000000002
0,27.0,0.27,0.0
0,27.0,0.27,0.0
0,27.0,0.27,0.0
0,27.0,0.27,0.0
0,27.0,0.27,0.0
0,27.0,0.27,0.0
0,27.0,0.27,0.0
0,27.0,0.27,0.0
0,27.0,0.27,0.0
0,27.0,0.27,0.0
0,27.0,0.27,0.0
0,27.0,0.27,0.0
0,27.0,0.27,0.0
0,27.0,0.27,0.0
0,27.0,0.27,0.0
0,27.0,0.27,0.0
0,27.0,0.27,0.0
0,27.0,0.27,0.0
0,27.0,0.27,0.0
0,27.0,0.27,0.0
0,27.0,0.27,0.0
0,27.0,0.27,0.0
100,27.0,0.27,27.0
0,27.0,0.27,0.0
0,27.0,0.27,0.0
0,27.0,0.27,0.0
0,27.0,0.27,0.0
0,27.0,0.27,0.0
0,82.0,0.82,0.0
0,82.0,0.82,0.0
0,82.0,0.82,0.0
51,82.0,0.82,41.82
0,82.0,0.82,0.0
51,82.0,0.82,41.82
51,82.0,0.82,41.82
52,82.0,0.82,42.64
0,82.0,0.82,0.0
0,82.0,0.82,0.0
0,82.0,0.82,0.0
50,82.0,0.82,41.0
0,82.0,0.82,0.0
0,82.0,0.82,0.0
0,82.0,0.82,0.0
0,82.0,0.82,0.0
0,82.0,0.82,0.0
50,82.0,0.82,41.0
0,82.0,0.82,0.0
100,82.0,0.82,82.0
0,82.0,0.82,0.0
0,82.0,0.82,0.0
0,82.0,0.82,0.0
56,82.0,0.82,45.919999999999995
49,82.0,0.82,40.18
50,82.0,0.82,41.0
50,82.0,0.82,41.0
50,82.0,0.82,41.0
52,82.0,0.82,42.64
0,82.0,0.82,0.0
0,82.0,0.82,0.0
0,29.0,0.29,0.0
0,29.0,0.29,0.0
0,29.0,0.29,0.0
0,29.0,0.29,0.0
0,29.0,0.29,0.0
0,29.0,0.29,0.0
0,29.0,0.29,0.0
49,29.0,0.29,14.209999999999999
0,29.0,0.29,0.0
0,29.0,0.29,0.0
49,29.0,0.29,14.209999999999999
100,29.0,0.29,28.999999999999996
0,29.0,0.29,0.0
0,29.0,0.29,0.0
0,29.0,0.29,0.0
49,29.0,0.29,14.209999999999999
48,29.0,0.29,13.919999999999998
0,29.0,0.29,0.0
50,29.0,0.29,14.499999999999998
0,29.0,0.29,0.0
0,29.0,0.29,0.0
0,29.0,0.29,0.0
47,29.0,0.29,13.629999999999999
0,29.0,0.29,0.0
0,29.0,0.29,0.0
0,29.0,0.29,0.0
0,29.0,0.29,0.0
0,29.0,0.29,0.0
0,29.0,0.29,0.0
0,32.0,0.32,0.0
0,32.0,0.32,0.0
0,32.0,0.32,0.0
52,32.0,0.32,16.64
57,32.0,0.32,18.240000000000002
0,32.0,0.32,0.0
51,32.0,0.32,16.32
51,32.0,0.32,16.32
0,32.0,0.32,0.0
51,32.0,0.32,16.32
0,32.0,0.32,0.0
0,32.0,0.32,0.0
0,32.0,0.32,0.0
0,32.0,0.32,0.0
100,32.0,0.32,32.0
50,32.0,0.32,16.0
52,32.0,0.32,16.64
0,32.0,0.32,0.0
57,32.0,0.32,18.240000000000002
0,32.0,0.32,0.0
0,32.0,0.32,0.0
0,32.0,0.32,0.0
0,32.0,0.32,0.0
0,32.0,0.32,0.0
0,32.0,0.32,0.0
0,32.0,0.32,0.0
0,32.0,0.32,0.0
0,32.0,0.32,0.0
0,32.0,0.32,0.0
0,32.0,0.32,0.0
51,32.0,0.32,16.32
100,50.0,0.5,50.0
0,50.0,0.5,0.0
0,50.0,0.5,0.0
0,50.0,0.5,0.0
47,50.0,0.5,23.5
48,50.0,0.5,24.0
49,50.0,0.5,24.5
50,50.0,0.5,25.0
55,50.0,0.5,27.5
0,50.0,0.5,0.0
0,50.0,0.5,0.0
0,50.0,0.5,0.0
49,50.0,0.5,24.5
49,50.0,0.5,24.5
50,50.0,0.5,25.0
0,50.0,0.5,0.0
55,50.0,0.5,27.5
49,50.0,0.5,24.5
48,50.0,0.5,24.0
0,50.0,0.5,0.0
0,50.0,0.5,0.0
0,50.0,0.5,0.0
0,50.0,0.5,0.0
0,50.0,0.5,0.0
0,50.0,0.5,0.0
0,50.0,0.5,0.0
0,50.0,0.5,0.0
0,50.0,0.5,0.0
0,50.0,0.5,0.0
0,50.0,0.5,0.0
0,44.0,0.44,0.0
96,44.0,0.44,42.24
0,44.0,0.44,0.0
0,44.0,0.44,0.0
0,44.0,0.44,0.0
0,44.0,0.44,0.0
0,44.0,0.44,0.0
0,44.0,0.44,0.0
0,44.0,0.44,0.0
94,44.0,0.44,41.36
0,44.0,0.44,0.0
0,44.0,0.44,0.0
98,44.0,0.44,43.12
0,44.0,0.44,0.0
0,44.0,0.44,0.0
94,44.0,0.44,41.36
0,44.0,0.44,0.0
0,44.0,0.44,0.0
95,44.0,0.44,41.8
0,44.0,0.44,0.0
0,44.0,0.44,0.0
0,44.0,0.44,0.0
0,44.0,0.44,0.0
0,44.0,0.44,0.0
0,44.0,0.44,0.0
100,44.0,0.44,44.0
0,44.0,0.44,0.0
0,44.0,0.44,0.0
0,44.0,0.44,0.0
0,44.0,0.44,0.0
0,44.0,0.44,0.0
0,80.0,0.8,0.0
26,80.0,0.8,20.8
0,80.0,0.8,0.0
0,80.0,0.8,0.0
0,80.0,0.8,0.0
0,80.0,0.8,0.0
0,80.0,0.8,0.0
25,80.0,0.8,20.0
26,80.0,0.8,20.8
0,80.0,0.8,0.0
0,80.0,0.8,0.0
28,80.0,0.8,22.400000000000002
25,80.0,0.8,20.0
0,80.0,0.8,0.0
25,80.0,0.8,20.0
25,80.0,0.8,20.0
0,80.0,0.8,0.0
0,80.0,0.8,0.0
0,80.0,0.8,0.0
0,80.0,0.8,0.0
24,80.0,0.8,19.200000000000003
0,80.0,0.8,0.0
0,80.0,0.8,0.0
44,80.0,0.8,35.2
30,80.0,0.8,24.0
0,80.0,0.8,0.0
25,80.0,0.8,20.0
100,80.0,0.8,80.0
0,80.0,0.8,0.0
26,80.0,0.8,20.8
84,47.0,0.47,39.48
93,47.0,0.47,43.71
0,47.0,0.47,0.0
0,47.0,0.47,0.0
83,47.0,0.47,39.01
0,47.0,0.47,0.0
0,47.0,0.47,0.0
87,47.0,0.47,40.89
0,47.0,0.47,0.0
0,47.0,0.47,0.0
85,47.0,0.47,39.949999999999996
0,47.0,0.47,0.0
86,47.0,0.47,40.419999999999995
0,47.0,0.47,0.0
0,47.0,0.47,0.0
0,47.0,0.47,0.0
0,47.0,0.47,0.0
0,47.0,0.47,0.0
0,47.0,0.47,0.0
0,47.0,0.47,0.0
0,47.0,0.47,0.0
85,47.0,0.47,39.949999999999996
100,47.0,0.47,47.0
0,47.0,0.47,0.0
0,47.0,0.47,0.0
0,47.0,0.47,0.0
0,47.0,0.47,0.0
0,47.0,0.47,0.0
89,47.0,0.47,41.83
0,47.0,0.47,0.0
0,47.0,0.47,0.0
0,41.0,0.41,0.0
0,41.0,0.41,0.0
65,41.0,0.41,26.65
0,41.0,0.41,0.0
0,41.0,0.41,0.0
0,41.0,0.41,0.0
0,41.0,0.41,0.0
66,41.0,0.41,27.06
0,41.0,0.41,0.0
0,41.0,0.41,0.0
0,41.0,0.41,0.0
0,41.0,0.41,0.0
0,41.0,0.41,0.0
0,41.0,0.41,0.0
0,41.0,0.41,0.0
0,41.0,0.41,0.0
0,41.0,0.41,0.0
0,41.0,0.41,0.0
0,41.0,0.41,0.0
77,41.0,0.41,31.569999999999997
0,41.0,0.41,0.0
0,41.0,0.41,0.0
0,41.0,0.41,0.0
0,41.0,0.41,0.0
0,41.0,0.41,0.0
100,41.0,0.41,41.0
0,41.0,0.41,0.0
0,41.0,0.41,0.0
0,41.0,0.41,0.0
63,41.0,0.41,25.83
63,41.0,0.41,25.83
0,40.0,0.4,0.0
0,40.0,0.4,0.0
100,40.0,0.4,40.0
0,40.0,0.4,0.0
85,40.0,0.4,34.0
0,40.0,0.4,0.0
0,40.0,0.4,0.0
87,40.0,0.4,34.800000000000004
89,40.0,0.4,35.6
0,40.0,0.4,0.0
97,40.0,0.4,38.800000000000004
0,40.0,0.4,0.0
0,40.0,0.4,0.0
0,40.0,0.4,0.0
84,40.0,0.4,33.6
87,40.0,0.4,34.800000000000004
0,40.0,0.4,0.0
0,40.0,0.4,0.0
0,40.0,0.4,0.0
82,40.0,0.4,32.800000000000004
0,40.0,0.4,0.0
85,40.0,0.4,34.0
0,40.0,0.4,0.0
0,40.0,0.4,0.0
0,40.0,0.4,0.0
0,40.0,0.4,0.0
0,40.0,0.4,0.0
84,40.0,0.4,33.6
0,40.0,0.4,0.0
0,40.0,0.4,0.0
0,28.0,0.28,0.0
0,28.0,0.28,0.0
0,28.0,0.28,0.0
0,28.0,0.28,0.0
0,28.0,0.28,0.0
0,28.0,0.28,0.0
0,28.0,0.28,0.0
0,28.0,0.28,0.0
0,28.0,0.28,0.0
85,28.0,0.28,23.8
0,28.0,0.28,0.0
90,28.0,0.28,25.200000000000003
0,28.0,0.28,0.0
88,28.0,0.28,24.64
0,28.0,0.28,0.0
0,28.0,0.28,0.0
0,28.0,0.28,0.0
0,28.0,0.28,0.0
0,28.0,0.28,0.0
0,28.0,0.28,0.0
0,28.0,0.28,0.0
0,28.0,0.28,0.0
100,28.0,0.28,28.000000000000004
0,28.0,0.28,0.0
0,28.0,0.28,0.0
0,28.0,0.28,0.0
0,28.0,0.28,0.0
92,28.0,0.28,25.76
0,28.0,0.28,0.0
0,28.0,0.28,0.0
90,28.0,0.28,25.200000000000003
53,50.0,0.5,26.5
52,50.0,0.5,26.0
0,50.0,0.5,0.0
53,50.0,0.5,26.5
0,50.0,0.5,0.0
0,50.0,0.5,0.0
50,50.0,0.5,25.0
0,50.0,0.5,0.0
47,50.0,0.5,23.5
52,50.0,0.5,26.0
54,50.0,0.5,27.0
0,50.0,0.5,0.0
0,50.0,0.5,0.0
50,50.0,0.5,25.0
52,50.0,0.5,26.0
0,50.0,0.5,0.0
0,50.0,0.5,0.0
0,50.0,0.5,0.0
0,50.0,0.5,0.0
0,50.0,0.5,0.0
50,50.0,0.5,25.0
100,50.0,0.5,50.0
0,50.0,0.5,0.0
52,50.0,0.5,26.0
51,50.0,0.5,25.5
0,50.0,0.5,0.0
0,50.0,0.5,0.0
0,50.0,0.5,0.0
0,50.0,0.5,0.0
0,50.0,0.5,0.0
0,55.0,0.55,0.0
0,55.0,0.55,0.0
0,55.0,0.55,0.0
89,55.0,0.55,48.95
0,55.0,0.55,0.0
0,55.0,0.55,0.0
83,55.0,0.55,45.650000000000006
86,55.0,0.55,47.300000000000004
0,55.0,0.55,0.0
0,55.0,0.55,0.0
95,55.0,0.55,52.25000000000001
0,55.0,0.55,0.0
80,55.0,0.55,44.0
0,55.0,0.55,0.0
0,55.0,0.55,0.0
91,55.0,0.55,50.050000000000004
0,55.0,0.55,0.0
0,55.0,0.55,0.0
86,55.0,0.55,47.300000000000004
86,55.0,0.55,47.300000000000004
0,55.0,0.55,0.0
0,55.0,0.55,0.0
95,55.0,0.55,52.25000000000001
0,55.0,0.55,0.0
0,55.0,0.55,0.0
0,55.0,0.55,0.0
0,55.0,0.55,0.0
0,55.0,0.55,0.0
0,55.0,0.55,0.0
0,55.0,0.55,0.0
100,55.0,0.55,55.00000000000001
0,31.0,0.31,0.0
0,31.0,0.31,0.0
47,31.0,0.31,14.57
0,31.0,0.31,0.0
0,31.0,0.31,0.0
0,31.0,0.31,0.0
0,31.0,0.31,0.0
0,31.0,0.31,0.0
0,31.0,0.31,0.0
0,31.0,0.31,0.0
0,31.0,0.31,0.0
0,31.0,0.31,0.0
0,31.0,0.31,0.0
0,31.0,0.31,0.0
0,31.0,0.31,0.0
0,31.0,0.31,0.0
0,31.0,0.31,0.0
0,31.0,0.31,0.0
0,31.0,0.31,0.0
0,31.0,0.31,0.0
0,31.0,0.31,0.0
0,31.0,0.31,0.0
0,31.0,0.31,0.0
0,31.0,0.31,0.0
44,31.0,0.31,13.64
44,31.0,0.31,13.64
0,31.0,0.31,0.0
0,31.0,0.31,0.0
100,31.0,0.31,31.0
45,31.0,0.31,13.95
45,31.0,0.31,13.95
100,33.0,0.33,33.0
0,33.0,0.33,0.0
0,33.0,0.33,0.0
0,33.0,0.33,0.0
0,33.0,0.33,0.0
0,33.0,0.33,0.0
0,33.0,0.33,0.0
0,33.0,0.33,0.0
0,33.0,0.33,0.0
0,33.0,0.33,0.0
0,33.0,0.33,0.0
0,33.0,0.33,0.0
0,33.0,0.33,0.0
0,33.0,0.33,0.0
0,33.0,0.33,0.0
0,33.0,0.33,0.0
0,33.0,0.33,0.0
0,33.0,0.33,0.0
0,33.0,0.33,0.0
0,33.0,0.33,0.0
0,33.0,0.33,0.0
0,33.0,0.33,0.0
0,33.0,0.33,0.0
0,33.0,0.33,0.0
0,33.0,0.33,0.0
0,33.0,0.33,0.0
0,33.0,0.33,0.0
0,33.0,0.33,0.0
48,44.0,0.44,21.12
48,44.0,0.44,21.12
0,44.0,0.44,0.0
0,44.0,0.44,0.0
0,44.0,0.44,0.0
0,44.0,0.44,0.0
0,44.0,0.44,0.0
0,44.0,0.44,0.0
0,44.0,0.44,0.0
52,44.0,0.44,22.88
0,44.0,0.44,0.0
0,44.0,0.44,0.0
0,44.0,0.44,0.0
0,44.0,0.44,0.0
0,44.0,0.44,0.0
0,44.0,0.44,0.0
52,44.0,0.44,22.88
0,44.0,0.44,0.0
0,44.0,0.44,0.0
0,44.0,0.44,0.0
100,44.0,0.44,44.0
100,44.0,0.44,44.0
50,44.0,0.44,22.0
52,44.0,0.44,22.88
0,44.0,0.44,0.0
0,44.0,0.44,0.0
0,44.0,0.44,0.0
0,44.0,0.44,0.0
51,44.0,0.44,22.44
0,44.0,0.44,0.0
0,44.0,0.44,0.0
0,42.0,0.42,0.0
0,42.0,0.42,0.0
0,42.0,0.42,0.0
0,42.0,0.42,0.0
0,42.0,0.42,0.0
0,42.0,0.42,0.0
100,42.0,0.42,42.0
0,42.0,0.42,0.0
0,42.0,0.42,0.0
0,42.0,0.42,0.0
99,42.0,0.42,41.58
0,42.0,0.42,0.0
0,42.0,0.42,0.0
0,42.0,0.42,0.0
0,42.0,0.42,0.0
0,42.0,0.42,0.0
0,42.0,0.42,0.0
0,42.0,0.42,0.0
97,42.0,0.42,40.74
0,42.0,0.42,0.0
0,42.0,0.42,0.0
0,42.0,0.42,0.0
0,42.0,0.42,0.0
0,42.0,0.42,0.0
97,42.0,0.42,40.74
0,42.0,0.42,0.0
97,42.0,0.42,40.74
0,42.0,0.42,0.0
0,42.0,0.42,0.0
0,42.0,0.42,0.0
0,62.0,0.62,0.0
0,62.0,0.62,0.0
0,62.0,0.62,0.0
85,62.0,0.62,52.7
0,62.0,0.62,0.0
0,62.0,0.62,0.0
0,62.0,0.62,0.0
82,62.0,0.62,50.839999999999996
84,62.0,0.62,52.08
84,62.0,0.62,52.08
0,62.0,0.62,0.0
0,62.0,0.62,0.0
100,62.0,0.62,62.0
0,62.0,0.62,0.0
89,62.0,0.62,55.18
0,62.0,0.62,0.0
0,62.0,0.62,0.0
0,62.0,0.62,0.0
94,62.0,0.62,58.28
0,62.0,0.62,0.0
0,62.0,0.62,0.0
88,62.0,0.62,54.56
88,62.0,0.62,54.56
0,62.0,0.62,0.0
0,62.0,0.62,0.0
0,62.0,0.62,0.0
0,62.0,0.62,0.0
0,62.0,0.62,0.0
0,62.0,0.62,0.0
0,62.0,0.62,0.0
0,62.0,0.62,0.0
0,38.0,0.38,0.0
0,38.0,0.38,0.0
0,38.0,0.38,0.0
100,38.0,0.38,38.0
0,38.0,0.38,0.0
0,38.0,0.38,0.0
0,38.0,0.38,0.0
0,38.0,0.38,0.0
0,38.0,0.38,0.0
0,38.0,0.38,0.0
0,38.0,0.38,0.0
0,38.0,0.38,0.0
0,38.0,0.38,0.0
0,38.0,0.38,0.0
88,38.0,0.38,33.44
0,38.0,0.38,0.0
0,38.0,0.38,0.0
0,38.0,0.38,0.0
0,38.0,0.38,0.0
0,38.0,0.38,0.0
0,38.0,0.38,0.0
0,38.0,0.38,0.0
0,38.0,0.38,0.0
100,38.0,0.38,38.0
0,38.0,0.38,0.0
0,38.0,0.38,0.0
0,38.0,0.38,0.0
0,38.0,0.38,0.0
0,38.0,0.38,0.0
93,38.0,0.38,35.34
0,38.0,0.38,0.0
0,38.0,0.38,0.0
0,38.0,0.38,0.0
89,38.0,0.38,33.82
0,38.0,0.38,0.0
0,38.0,0.38,0.0
0,38.0,0.38,0.0
0,38.0,0.38,0.0
0,38.0,0.38,0.0
0,38.0,0.38,0.0
0,38.0,0.38,0.0
0,38.0,0.38,0.0
89,38.0,0.38,33.82
90,38.0,0.38,34.2
0,38.0,0.38,0.0
0,38.0,0.38,0.0
0,38.0,0.38,0.0
0,38.0,0.38,0.0
86,38.0,0.38,32.68
0,38.0,0.38,0.0
0,38.0,0.38,0.0
0,38.0,0.38,0.0
100,38.0,0.38,38.0
0,38.0,0.38,0.0
86,38.0,0.38,32.68
0,38.0,0.38,0.0
86,38.0,0.38,32.68
0,38.0,0.38,0.0
0,38.0,0.38,0.0
0,38.0,0.38,0.0
0,38.0,0.38,0.0
84,62.0,0.62,52.08
0,62.0,0.62,0.0
82,62.0,0.62,50.839999999999996
0,62.0,0.62,0.0
0,62.0,0.62,0.0
0,62.0,0.62,0.0
0,62.0,0.62,0.0
0,62.0,0.62,0.0
0,62.0,0.62,0.0
87,62.0,0.62,53.94
0,62.0,0.62,0.0
100,62.0,0.62,62.0
0,62.0,0.62,0.0
0,62.0,0.62,0.0
0,62.0,0.62,0.0
0,62.0,0.62,0.0
0,62.0,0.62,0.0
86,62.0,0.62,53.32
0,62.0,0.62,0.0
0,62.0,0.62,0.0
0,62.0,0.62,0.0
0,62.0,0.62,0.0
0,62.0,0.62,0.0
0,62.0,0.62,0.0
0,62.0,0.62,0.0
0,62.0,0.62,0.0
0,62.0,0.62,0.0
0,62.0,0.62,0.0
81,62.0,0.62,50.22
86,62.0,0.62,53.32
0,62.0,0.62,0.0
0,10.0,0.1,0.0
0,10.0,0.1,0.0
0,10.0,0.1,0.0
0,10.0,0.1,0.0
0,10.0,0.1,0.0
0,10.0,0.1,0.0
0,10.0,0.1,0.0
0,10.0,0.1,0.0
0,10.0,0.1,0.0
0,10.0,0.1,0.0
0,10.0,0.1,0.0
100,10.0,0.1,10.0
0,10.0,0.1,0.0
0,10.0,0.1,0.0
0,10.0,0.1,0.0
0,10.0,0.1,0.0
0,10.0,0.1,0.0
0,10.0,0.1,0.0
0,10.0,0.1,0.0
0,10.0,0.1,0.0
0,10.0,0.1,0.0
0,10.0,0.1,0.0
0,10.0,0.1,0.0
0,10.0,0.1,0.0
0,10.0,0.1,0.0
0,10.0,0.1,0.0
0,10.0,0.1,0.0
0,10.0,0.1,0.0
0,10.0,0.1,0.0
0,10.0,0.1,0.0
0,20.0,0.2,0.0
0,20.0,0.2,0.0
0,20.0,0.2,0.0
0,20.0,0.2,0.0
85,20.0,0.2,17.0
88,20.0,0.2,17.6
0,20.0,0.2,0.0
100,20.0,0.2,20.0
0,20.0,0.2,0.0
0,20.0,0.2,0.0
0,20.0,0.2,0.0
86,20.0,0.2,17.2
91,20.0,0.2,18.2
98,20.0,0.2,19.6
0,20.0,0.2,0.0
0,20.0,0.2,0.0
0,20.0,0.2,0.0
0,20.0,0.2,0.0
86,20.0,0.2,17.2
0,20.0,0.2,0.0
0,20.0,0.2,0.0
98,20.0,0.2,19.6
0,20.0,0.2,0.0
0,20.0,0.2,0.0
0,20.0,0.2,0.0
85,20.0,0.2,17.0
0,20.0,0.2,0.0
0,20.0,0.2,0.0
0,20.0,0.2,0.0
0,20.0,0.2,0.0
0,20.0,0.2,0.0
0,31.0,0.31,0.0
0,31.0,0.31,0.0
93,31.0,0.31,28.83
0,31.0,0.31,0.0
0,31.0,0.31,0.0
88,31.0,0.31,27.28
0,31.0,0.31,0.0
0,31.0,0.31,0.0
0,31.0,0.31,0.0
92,31.0,0.31,28.52
0,31.0,0.31,0.0
0,31.0,0.31,0.0
0,31.0,0.31,0.0
0,31.0,0.31,0.0
0,31.0,0.31,0.0
0,31.0,0.31,0.0
0,31.0,0.31,0.0
0,31.0,0.31,0.0
0,31.0,0.31,0.0
0,31.0,0.31,0.0
0,31.0,0.31,0.0
0,31.0,0.31,0.0
0,31.0,0.31,0.0
0,31.0,0.31,0.0
0,31.0,0.31,0.0
100,31.0,0.31,31.0
0,31.0,0.31,0.0
0,31.0,0.31,0.0
0,31.0,0.31,0.0
0,31.0,0.31,0.0
0,30.0,0.3,0.0
53,30.0,0.3,15.899999999999999
0,30.0,0.3,0.0
0,30.0,0.3,0.0
0,30.0,0.3,0.0
0,30.0,0.3,0.0
0,30.0,0.3,0.0
0,30.0,0.3,0.0
0,30.0,0.3,0.0
52,30.0,0.3,15.6
46,30.0,0.3,13.799999999999999
46,30.0,0.3,13.799999999999999
0,30.0,0.3,0.0
0,30.0,0.3,0.0
0,30.0,0.3,0.0
0,30.0,0.3,0.0
0,30.0,0.3,0.0
0,30.0,0.3,0.0
0,30.0,0.3,0.0
48,30.0,0.3,14.399999999999999
0,30.0,0.3,0.0
0,30.0,0.3,0.0
0,30.0,0.3,0.0
0,30.0,0.3,0.0
0,30.0,0.3,0.0
0,30.0,0.3,0.0
100,30.0,0.3,30.0
0,30.0,0.3,0.0
0,30.0,0.3,0.0
0,30.0,0.3,0.0
0,30.0,0.3,0.0
0,53.0,0.53,0.0
0,53.0,0.53,0.0
91,53.0,0.53,48.230000000000004
92,53.0,0.53,48.760000000000005
94,53.0,0.53,49.82
0,53.0,0.53,0.0
0,53.0,0.53,0.0
0,53.0,0.53,0.0
88,53.0,0.53,46.64
0,53.0,0.53,0.0
0,53.0,0.53,0.0
0,53.0,0.53,0.0
0,53.0,0.53,0.0
0,53.0,0.53,0.0
0,53.0,0.53,0.0
0,53.0,0.53,0.0
0,53.0,0.53,0.0
0,53.0,0.53,0.0
0,53.0,0.53,0.0
0,53.0,0.53,0.0
100,53.0,0.53,53.0
87,53.0,0.53,46.11
0,53.0,0.53,0.0
0,53.0,0.53,0.0
0,53.0,0.53,0.0
0,53.0,0.53,0.0
0,53.0,0.53,0.0
0,53.0,0.53,0.0
0,53.0,0.53,0.0
0,53.0,0.53,0.0
0,53.0,0.53,0.0
0,100.0,1.0,0.0
70,100.0,1.0,70.0
0,100.0,1.0,0.0
77,100.0,1.0,77.0
66,100.0,1.0,66.0
87,100.0,1.0,87.0
67,100.0,1.0,67.0
100,100.0,1.0,100.0
69,100.0,1.0,69.0
0,100.0,1.0,0.0
0,100.0,1.0,0.0
69,100.0,1.0,69.0
65,100.0,1.0,65.0
68,100.0,1.0,68.0
65,100.0,1.0,65.0
0,100.0,1.0,0.0
0,100.0,1.0,0.0
0,100.0,1.0,0.0
0,100.0,1.0,0.0
64,100.0,1.0,64.0
0,100.0,1.0,0.0
0,100.0,1.0,0.0
67,100.0,1.0,67.0
0,100.0,1.0,0.0
0,100.0,1.0,0.0
65,100.0,1.0,65.0
63,100.0,1.0,63.0
0,100.0,1.0,0.0
85,33.0,0.33,28.05
90,33.0,0.33,29.700000000000003
0,33.0,0.33,0.0
0,33.0,0.33,0.0
84,33.0,0.33,27.720000000000002
0,33.0,0.33,0.0
0,33.0,0.33,0.0
0,33.0,0.33,0.0
0,33.0,0.33,0.0
100,33.0,0.33,33.0
98,33.0,0.33,32.34
85,33.0,0.33,28.05
0,33.0,0.33,0.0
0,33.0,0.33,0.0
0,33.0,0.33,0.0
0,33.0,0.33,0.0
0,33.0,0.33,0.0
0,33.0,0.33,0.0
0,33.0,0.33,0.0
0,33.0,0.33,0.0
0,33.0,0.33,0.0
0,33.0,0.33,0.0
91,33.0,0.33,30.03
0,33.0,0.33,0.0
0,33.0,0.33,0.0
0,33.0,0.33,0.0
0,33.0,0.33,0.0
0,33.0,0.33,0.0
0,33.0,0.33,0.0
0,33.0,0.33,0.0
0,33.0,0.33,0.0
99,25.0,0.25,24.75
0,25.0,0.25,0.0
85,25.0,0.25,21.25
0,25.0,0.25,0.0
84,25.0,0.25,21.0
0,25.0,0.25,0.0
99,25.0,0.25,24.75
0,25.0,0.25,0.0
0,25.0,0.25,0.0
0,25.0,0.25,0.0
81,25.0,0.25,20.25
0,25.0,0.25,0.0
0,25.0,0.25,0.0
100,25.0,0.25,25.0
0,25.0,0.25,0.0
0,25.0,0.25,0.0
81,25.0,0.25,20.25
82,25.0,0.25,20.5
0,25.0,0.25,0.0
0,25.0,0.25,0.0
0,25.0,0.25,0.0
0,25.0,0.25,0.0
0,25.0,0.25,0.0
81,25.0,0.25,20.25
0,25.0,0.25,0.0
0,25.0,0.25,0.0
0,25.0,0.25,0.0
0,25.0,0.25,0.0
0,25.0,0.25,0.0
0,25.0,0.25,0.0
0,19.0,0.19,0.0
0,19.0,0.19,0.0
0,19.0,0.19,0.0
0,19.0,0.19,0.0
0,19.0,0.19,0.0
0,19.0,0.19,0.0
0,19.0,0.19,0.0
0,19.0,0.19,0.0
0,19.0,0.19,0.0
100,19.0,0.19,19.0
0,19.0,0.19,0.0
0,19.0,0.19,0.0
0,19.0,0.19,0.0
0,19.0,0.19,0.0
0,19.0,0.19,0.0
97,19.0,0.19,18.43
0,19.0,0.19,0.0
0,19.0,0.19,0.0
0,19.0,0.19,0.0
0,19.0,0.19,0.0
0,19.0,0.19,0.0
0,19.0,0.19,0.0
0,19.0,0.19,0.0
0,19.0,0.19,0.0
0,19.0,0.19,0.0
0,19.0,0.19,0.0
0,19.0,0.19,0.0
0,19.0,0.19,0.0
98,19.0,0.19,18.62
0,19.0,0.19,0.0
0,19.0,0.19,0.0
0,24.0,0.24,0.0
0,24.0,0.24,0.0
0,24.0,0.24,0.0
88,24.0,0.24,21.119999999999997
0,24.0,0.24,0.0
0,24.0,0.24,0.0
0,24.0,0.24,0.0
91,24.0,0.24,21.84
0,24.0,0.24,0.0
0,24.0,0.24,0.0
0,24.0,0.24,0.0
80,24.0,0.24,19.2
81,24.0,0.24,19.439999999999998
0,24.0,0.24,0.0
0,24.0,0.24,0.0
0,24.0,0.24,0.0
0,24.0,0.24,0.0
86,24.0,0.24,20.64
85,24.0,0.24,20.4
0,24.0,0.24,0.0
86,24.0,0.24,20.64
0,24.0,0.24,0.0
100,24.0,0.24,24.0
0,24.0,0.24,0.0
85,24.0,0.24,20.4
86,24.0,0.24,20.64
0,24.0,0.24,0.0
0,24.0,0.24,0.0
0,24.0,0.24,0.0
0,24.0,0.24,0.0
0,33.0,0.33,0.0
0,33.0,0.33,0.0
0,33.0,0.33,0.0
0,33.0,0.33,0.0
0,33.0,0.33,0.0
0,33.0,0.33,0.0
0,33.0,0.33,0.0
0,33.0,0.33,0.0
0,33.0,0.33,0.0
0,33.0,0.33,0.0
80,33.0,0.33,26.400000000000002
0,33.0,0.33,0.0
0,33.0,0.33,0.0
0,33.0,0.33,0.0
100,33.0,0.33,33.0
86,33.0,0.33,28.380000000000003
0,33.0,0.33,0.0
89,33.0,0.33,29.37
0,33.0,0.33,0.0
90,33.0,0.33,29.700000000000003
0,33.0,0.33,0.0
0,33.0,0.33,0.0
0,33.0,0.33,0.0
0,33.0,0.33,0.0
86,33.0,0.33,28.380000000000003
0,33.0,0.33,0.0
0,33.0,0.33,0.0
99,33.0,0.33,32.67
0,33.0,0.33,0.0
0,33.0,0.33,0.0
0,33.0,0.33,0.0
0,24.0,0.24,0.0
0,24.0,0.24,0.0
0,24.0,0.24,0.0
0,24.0,0.24,0.0
98,24.0,0.24,23.52
85,24.0,0.24,20.4
0,24.0,0.24,0.0
0,24.0,0.24,0.0
0,24.0,0.24,0.0
0,24.0,0.24,0.0
0,24.0,0.24,0.0
96,24.0,0.24,23.04
87,24.0,0.24,20.88
0,24.0,0.24,0.0
0,24.0,0.24,0.0
0,24.0,0.24,0.0
88,24.0,0.24,21.119999999999997
0,24.0,0.24,0.0
100,24.0,0.24,24.0
90,24.0,0.24,21.599999999999998
0,24.0,0.24,0.0
89,24.0,0.24,21.36
0,24.0,0.24,0.0
0,24.0,0.24,0.0
0,24.0,0.24,0.0
0,24.0,0.24,0.0
86,24.0,0.24,20.64
0,24.0,0.24,0.0
0,24.0,0.24,0.0
0,24.0,0.24,0.0
0,24.0,0.24,0.0
0,34.0,0.34,0.0
0,34.0,0.34,0.0
0,34.0,0.34,0.0
0,34.0,0.34,0.0
0,34.0,0.34,0.0
86,34.0,0.34,29.240000000000002
0,34.0,0.34,0.0
0,34.0,0.34,0.0
0,34.0,0.34,0.0
0,34.0,0.34,0.0
0,34.0,0.34,0.0
0,34.0,0.34,0.0
0,34.0,0.34,0.0
0,34.0,0.34,0.0
0,34.0,0.34,0.0
0,34.0,0.34,0.0
0,34.0,0.34,0.0
0,34.0,0.34,0.0
0,34.0,0.34,0.0
0,34.0,0.34,0.0
0,34.0,0.34,0.0
0,34.0,0.34,0.0
100,34.0,0.34,34.0
0,34.0,0.34,0.0
0,34.0,0.34,0.0
0,34.0,0.34,0.0
88,34.0,0.34,29.92
0,34.0,0.34,0.0
0,34.0,0.34,0.0
0,34.0,0.34,0.0
0,37.0,0.37,0.0
0,37.0,0.37,0.0
0,37.0,0.37,0.0
0,37.0,0.37,0.0
52,37.0,0.37,19.24
0,37.0,0.37,0.0
0,37.0,0.37,0.0
50,37.0,0.37,18.5
48,37.0,0.37,17.759999999999998
0,37.0,0.37,0.0
51,37.0,0.37,18.87
0,37.0,0.37,0.0
0,37.0,0.37,0.0
58,37.0,0.37,21.46
51,37.0,0.37,18.87
0,37.0,0.37,0.0
0,37.0,0.37,0.0
0,37.0,0.37,0.0
0,37.0,0.37,0.0
0,37.0,0.37,0.0
0,37.0,0.37,0.0
0,37.0,0.37,0.0
0,37.0,0.37,0.0
50,37.0,0.37,18.5
0,37.0,0.37,0.0
52,37.0,0.37,19.24
56,37.0,0.37,20.72
0,37.0,0.37,0.0
48,37.0,0.37,17.759999999999998
100,37.0,0.37,37.0
0,37.0,0.37,0.0
0,10.0,0.1,0.0
0,10.0,0.1,0.0
0,10.0,0.1,0.0
0,10.0,0.1,0.0
0,10.0,0.1,0.0
0,10.0,0.1,0.0
0,10.0,0.1,0.0
0,10.0,0.1,0.0
0,10.0,0.1,0.0
0,10.0,0.1,0.0
0,10.0,0.1,0.0
44,10.0,0.1,4.4
0,10.0,0.1,0.0
0,10.0,0.1,0.0
0,10.0,0.1,0.0
0,10.0,0.1,0.0
0,10.0,0.1,0.0
100,10.0,0.1,10.0
0,10.0,0.1,0.0
0,10.0,0.1,0.0
0,10.0,0.1,0.0
0,10.0,0.1,0.0
0,10.0,0.1,0.0
0,10.0,0.1,0.0
0,10.0,0.1,0.0
0,10.0,0.1,0.0
0,10.0,0.1,0.0
0,10.0,0.1,0.0
0,10.0,0.1,0.0
0,10.0,0.1,0.0
0,49.0,0.49,0.0
0,49.0,0.49,0.0
43,49.0,0.49,21.07
0,49.0,0.49,0.0
0,49.0,0.49,0.0
42,49.0,0.49,20.58
0,49.0,0.49,0.0
0,49.0,0.49,0.0
0,49.0,0.49,0.0
0,49.0,0.49,0.0
0,49.0,0.49,0.0
43,49.0,0.49,21.07
0,49.0,0.49,0.0
0,49.0,0.49,0.0
0,49.0,0.49,0.0
51,49.0,0.49,24.99
0,49.0,0.49,0.0
0,49.0,0.49,0.0
46,49.0,0.49,22.54
47,49.0,0.49,23.03
0,49.0,0.49,0.0
0,49.0,0.49,0.0
52,49.0,0.49,25.48
0,49.0,0.49,0.0
54,49.0,0.49,26.46
47,49.0,0.49,23.03
0,49.0,0.49,0.0
48,49.0,0.49,23.52
49,49.0,0.49,24.009999999999998
0,49.0,0.49,0.0
100,49.0,0.49,49.0
0,28.0,0.28,0.0
0,28.0,0.28,0.0
51,28.0,0.28,14.280000000000001
0,28.0,0.28,0.0
0,28.0,0.28,0.0
0,28.0,0.28,0.0
50,28.0,0.28,14.000000000000002
50,28.0,0.28,14.000000000000002
0,28.0,0.28,0.0
0,28.0,0.28,0.0
51,28.0,0.28,14.280000000000001
0,28.0,0.28,0.0
56,28.0,0.28,15.680000000000001
0,28.0,0.28,0.0
0,28.0,0.28,0.0
100,28.0,0.28,28.000000000000004
0,28.0,0.28,0.0
0,28.0,0.28,0.0
0,28.0,0.28,0.0
54,28.0,0.28,15.120000000000001
0,28.0,0.28,0.0
0,28.0,0.28,0.0
48,28.0,0.28,13.440000000000001
0,28.0,0.28,0.0
0,28.0,0.28,0.0
0,28.0,0.28,0.0
0,28.0,0.28,0.0
0,28.0,0.28,0.0
48,28.0,0.28,13.440000000000001
0,28.0,0.28,0.0
0,28.0,0.28,0.0
0,25.0,0.25,0.0
0,25.0,0.25,0.0
0,25.0,0.25,0.0
0,25.0,0.25,0.0
0,25.0,0.25,0.0
0,25.0,0.25,0.0
88,25.0,0.25,22.0
0,25.0,0.25,0.0
0,25.0,0.25,0.0
0,25.0,0.25,0.0
0,25.0,0.25,0.0
0,25.0,0.25,0.0
85,25.0,0.25,21.25
0,25.0,0.25,0.0
90,25.0,0.25,22.5
0,25.0,0.25,0.0
100,25.0,0.25,25.0
0,25.0,0.25,0.0
0,25.0,0.25,0.0
84,25.0,0.25,21.0
86,25.0,0.25,21.5
0,25.0,0.25,0.0
0,25.0,0.25,0.0
0,25.0,0.25,0.0
0,25.0,0.25,0.0
85,25.0,0.25,21.25
0,25.0,0.25,0.0
0,25.0,0.25,0.0
0,37.0,0.37,0.0
72,37.0,0.37,26.64
0,37.0,0.37,0.0
63,37.0,0.37,23.31
63,37.0,0.37,23.31
0,37.0,0.37,0.0
0,37.0,0.37,0.0
100,37.0,0.37,37.0
0,37.0,0.37,0.0
0,37.0,0.37,0.0
0,37.0,0.37,0.0
0,37.0,0.37,0.0
0,37.0,0.37,0.0
0,37.0,0.37,0.0
0,37.0,0.37,0.0
0,37.0,0.37,0.0
0,37.0,0.37,0.0
0,37.0,0.37,0.0
0,37.0,0.37,0.0
65,37.0,0.37,24.05
0,37.0,0.37,0.0
0,37.0,0.37,0.0
0,37.0,0.37,0.0
0,37.0,0.37,0.0
0,37.0,0.37,0.0
0,37.0,0.37,0.0
0,37.0,0.37,0.0
0,37.0,0.37,0.0
67,37.0,0.37,24.79
73,37.0,0.37,27.009999999999998
0,37.0,0.37,0.0
0,19.0,0.19,0.0
0,19.0,0.19,0.0
0,19.0,0.19,0.0
0,19.0,0.19,0.0
0,19.0,0.19,0.0
0,19.0,0.19,0.0
0,19.0,0.19,0.0
93,19.0,0.19,17.67
0,19.0,0.19,0.0
0,19.0,0.19,0.0
93,19.0,0.19,17.67
0,19.0,0.19,0.0
0,19.0,0.19,0.0
0,19.0,0.19,0.0
0,19.0,0.19,0.0
0,19.0,0.19,0.0
95,19.0,0.19,18.05
0,19.0,0.19,0.0
0,19.0,0.19,0.0
0,19.0,0.19,0.0
0,19.0,0.19,0.0
100,19.0,0.19,19.0
0,19.0,0.19,0.0
0,19.0,0.19,0.0
0,19.0,0.19,0.0
0,19.0,0.19,0.0
0,19.0,0.19,0.0
0,19.0,0.19,0.0
0,19.0,0.19,0.0
0,19.0,0.19,0.0
0,27.0,0.27,0.0
0,27.0,0.27,0.0
0,27.0,0.27,0.0
0,27.0,0.27,0.0
53,27.0,0.27,14.31
0,27.0,0.27,0.0
0,27.0,0.27,0.0
0,27.0,0.27,0.0
47,27.0,0.27,12.690000000000001
0,27.0,0.27,0.0
0,27.0,0.27,0.0
0,27.0,0.27,0.0
0,27.0,0.27,0.0
0,27.0,0.27,0.0
48,27.0,0.27,12.96
0,27.0,0.27,0.0
0,27.0,0.27,0.0
0,27.0,0.27,0.0
0,27.0,0.27,0.0
0,27.0,0.27,0.0
0,27.0,0.27,0.0
0,27.0,0.27,0.0
0,27.0,0.27,0.0
100,27.0,0.27,27.0
0,27.0,0.27,0.0
0,27.0,0.27,0.0
0,27.0,0.27,0.0
46,27.0,0.27,12.420000000000002
46,27.0,0.27,12.420000000000002
0,27.0,0.27,0.0
0,27.0,0.27,0.0
0,14.0,0.14,0.0
0,14.0,0.14,0.0
0,14.0,0.14,0.0
0,14.0,0.14,0.0
0,14.0,0.14,0.0
0,14.0,0.14,0.0
0,14.0,0.14,0.0
0,14.0,0.14,0.0
0,14.0,0.14,0.0
85,14.0,0.14,11.9
87,14.0,0.14,12.180000000000001
87,14.0,0.14,12.180000000000001
0,14.0,0.14,0.0
88,14.0,0.14,12.32
0,14.0,0.14,0.0
0,14.0,0.14,0.0
0,14.0,0.14,0.0
88,14.0,0.14,12.32
0,14.0,0.14,0.0
0,14.0,0.14,0.0
0,14.0,0.14,0.0
0,14.0,0.14,0.0
0,14.0,0.14,0.0
0,14.0,0.14,0.0
0,14.0,0.14,0.0
0,14.0,0.14,0.0
0,14.0,0.14,0.0
0,14.0,0.14,0.0
0,14.0,0.14,0.0
100,14.0,0.14,14.000000000000002
87,28.0,0.28,24.360000000000003
0,28.0,0.28,0.0
0,28.0,0.28,0.0
0,28.0,0.28,0.0
0,28.0,0.28,0.0
0,28.0,0.28,0.0
100,28.0,0.28,28.000000000000004
0,28.0,0.28,0.0
0,28.0,0.28,0.0
86,28.0,0.28,24.080000000000002
0,28.0,0.28,0.0
0,28.0,0.28,0.0
0,28.0,0.28,0.0
0,28.0,0.28,0.0
87,28.0,0.28,24.360000000000003
0,28.0,0.28,0.0
0,28.0,0.28,0.0
0,28.0,0.28,0.0
0,28.0,0.28,0.0
0,28.0,0.28,0.0
0,28.0,0.28,0.0
90,28.0,0.28,25.200000000000003
0,28.0,0.28,0.0
0,28.0,0.28,0.0
0,28.0,0.28,0.0
0,28.0,0.28,0.0
0,28.0,0.28,0.0
0,28.0,0.28,0.0
0,28.0,0.28,0.0
90,28.0,0.28,25.200000000000003
0,28.0,0.28,0.0
0,65.0,0.65,0.0
92,65.0,0.65,59.800000000000004
0,65.0,0.65,0.0
0,65.0,0.65,0.0
88,65.0,0.65,57.2
88,65.0,0.65,57.2
88,65.0,0.65,57.2
0,65.0,0.65,0.0
0,65.0,0.65,0.0
0,65.0,0.65,0.0
0,65.0,0.65,0.0
89,65.0,0.65,57.85
0,65.0,0.65,0.0
0,65.0,0.65,0.0
0,65.0,0.65,0.0
90,65.0,0.65,58.5
0,65.0,0.65,0.0
0,65.0,0.65,0.0
85,65.0,0.65,55.25
0,65.0,0.65,0.0
0,65.0,0.65,0.0
0,65.0,0.65,0.0
89,65.0,0.65,57.85
0,65.0,0.65,0.0
100,65.0,0.65,65.0
85,65.0,0.65,55.25
84,65.0,0.65,54.6
0,65.0,0.65,0.0
83,65.0,0.65,53.95
0,65.0,0.65,0.0
0,65.0,0.65,0.0
0,9.0,0.09,0.0
0,9.0,0.09,0.0
100,9.0,0.09,9.0
0,9.0,0.09,0.0
0,9.0,0.09,0.0
0,9.0,0.09,0.0
0,9.0,0.09,0.0
0,9.0,0.09,0.0
96,9.0,0.09,8.64
0,9.0,0.09,0.0
0,9.0,0.09,0.0
0,9.0,0.09,0.0
0,9.0,0.09,0.0
0,9.0,0.09,0.0
0,9.0,0.09,0.0
99,9.0,0.09,8.91
0,9.0,0.09,0.0
0,9.0,0.09,0.0
0,9.0,0.09,0.0
0,9.0,0.09,0.0
0,9.0,0.09,0.0
0,9.0,0.09,0.0
0,9.0,0.09,0.0
0,9.0,0.09,0.0
0,9.0,0.09,0.0
0,9.0,0.09,0.0
0,9.0,0.09,0.0
0,9.0,0.09,0.0
0,9.0,0.09,0.0
98,9.0,0.09,8.82
99,39.0,0.39,38.61
0,39.0,0.39,0.0
0,39.0,0.39,0.0
0,39.0,0.39,0.0
0,39.0,0.39,0.0
0,39.0,0.39,0.0
0,39.0,0.39,0.0
0,39.0,0.39,0.0
0,39.0,0.39,0.0
100,39.0,0.39,39.0
0,39.0,0.39,0.0
0,39.0,0.39,0.0
0,39.0,0.39,0.0
0,39.0,0.39,0.0
0,39.0,0.39,0.0
0,39.0,0.39,0.0
0,39.0,0.39,0.0
0,39.0,0.39,0.0
0,39.0,0.39,0.0
0,39.0,0.39,0.0
0,39.0,0.39,0.0
0,39.0,0.39,0.0
0,39.0,0.39,0.0
0,39.0,0.39,0.0
0,39.0,0.39,0.0
0,39.0,0.39,0.0
0,39.0,0.39,0.0
0,39.0,0.39,0.0
0,39.0,0.39,0.0
98,39.0,0.39,38.22
0,39.0,0.39,0.0
0,31.0,0.31,0.0
0,31.0,0.31,0.0
0,31.0,0.31,0.0
0,31.0,0.31,0.0
0,31.0,0.31,0.0
0,31.0,0.31,0.0
0,31.0,0.31,0.0
0,31.0,0.31,0.0
0,31.0,0.31,0.0
0,31.0,0.31,0.0
0,31.0,0.31,0.0
96,31.0,0.31,29.759999999999998
98,31.0,0.31,30.38
0,31.0,0.31,0.0
0,31.0,0.31,0.0
0,31.0,0.31,0.0
0,31.0,0.31,0.0
0,31.0,0.31,0.0
0,31.0,0.31,0.0
100,31.0,0.31,31.0
0,31.0,0.31,0.0
0,31.0,0.31,0.0
0,31.0,0.31,0.0
0,31.0,0.31,0.0
0,31.0,0.31,0.0
0,31.0,0.31,0.0
0,31.0,0.31,0.0
0,31.0,0.31,0.0
0,31.0,0.31,0.0
0,31.0,0.31,0.0
