us economy bad_unscaled,us economy bad_monthly,scale,us economy bad
66,76.0,0.76,50.160000000000004
0,76.0,0.76,0.0
0,76.0,0.76,0.0
0,76.0,0.76,0.0
0,76.0,0.76,0.0
0,76.0,0.76,0.0
100,76.0,0.76,76.0
49,76.0,0.76,37.24
49,76.0,0.76,37.24
50,76.0,0.76,38.0
52,76.0,0.76,39.52
58,76.0,0.76,44.08
57,76.0,0.76,43.32
0,76.0,0.76,0.0
49,76.0,0.76,37.24
98,76.0,0.76,74.48
50,76.0,0.76,38.0
51,76.0,0.76,38.76
0,76.0,0.76,0.0
0,76.0,0.76,0.0
0,76.0,0.76,0.0
49,76.0,0.76,37.24
0,76.0,0.76,0.0
0,76.0,0.76,0.0
0,76.0,0.76,0.0
0,76.0,0.76,0.0
0,76.0,0.76,0.0
48,76.0,0.76,36.480000000000004
72,76.0,0.76,54.72
0,76.0,0.76,0.0
49,76.0,0.76,37.24
53,58.0,0.58,30.74
0,58.0,0.58,0.0
0,58.0,0.58,0.0
50,58.0,0.58,28.999999999999996
0,58.0,0.58,0.0
49,58.0,0.58,28.419999999999998
0,58.0,0.58,0.0
51,58.0,0.58,29.58
0,58.0,0.58,0.0
0,58.0,0.58,0.0
50,58.0,0.58,28.999999999999996
50,58.0,0.58,28.999999999999996
0,58.0,0.58,0.0
0,58.0,0.58,0.0
52,58.0,0.58,30.159999999999997
58,58.0,0.58,33.64
0,58.0,0.58,0.0
100,58.0,0.58,57.99999999999999
51,58.0,0.58,29.58
0,58.0,0.58,0.0
48,58.0,0.58,27.839999999999996
52,58.0,0.58,30.159999999999997
0,58.0,0.58,0.0
57,58.0,0.58,33.059999999999995
47,58.0,0.58,27.259999999999998
0,58.0,0.58,0.0
50,58.0,0.58,28.999999999999996
50,58.0,0.58,28.999999999999996
0,74.0,0.74,0.0
56,74.0,0.74,41.44
0,74.0,0.74,0.0
49,74.0,0.74,36.26
49,74.0,0.74,36.26
48,74.0,0.74,35.519999999999996
48,74.0,0.74,35.519999999999996
0,74.0,0.74,0.0
56,74.0,0.74,41.44
0,74.0,0.74,0.0
48,74.0,0.74,35.519999999999996
47,74.0,0.74,34.78
46,74.0,0.74,34.04
48,74.0,0.74,35.519999999999996
0,74.0,0.74,0.0
57,74.0,0.74,42.18
0,74.0,0.74,0.0
0,74.0,0.74,0.0
46,74.0,0.74,34.04
48,74.0,0.74,35.519999999999996
48,74.0,0.74,35.519999999999996
0,74.0,0.74,0.0
56,74.0,0.74,41.44
57,74.0,0.74,42.18
47,74.0,0.74,34.78
47,74.0,0.74,34.78
100,74.0,0.74,74.0
0,74.0,0.74,0.0
0,74.0,0.74,0.0
0,74.0,0.74,0.0
0,74.0,0.74,0.0
86,59.0,0.59,50.739999999999995
0,59.0,0.59,0.0
82,59.0,0.59,48.379999999999995
85,59.0,0.59,50.15
0,59.0,0.59,0.0
0,59.0,0.59,0.0
97,59.0,0.59,57.23
81,59.0,0.59,47.79
81,59.0,0.59,47.79
81,59.0,0.59,47.79
86,59.0,0.59,50.739999999999995
86,59.0,0.59,50.739999999999995
100,59.0,0.59,59.0
0,59.0,0.59,0.0
81,59.0,0.59,47.79
82,59.0,0.59,48.379999999999995
82,59.0,0.59,48.379999999999995
86,59.0,0.59,50.739999999999995
0,59.0,0.59,0.0
100,59.0,0.59,59.0
0,59.0,0.59,0.0
81,59.0,0.59,47.79
81,59.0,0.59,47.79
0,59.0,0.59,0.0
85,59.0,0.59,50.15
0,59.0,0.59,0.0
99,59.0,0.59,58.41
98,59.0,0.59,57.82
0,59.0,0.59,0.0
84,59.0,0.59,49.559999999999995
72,60.0,0.6,43.199999999999996
66,60.0,0.6,39.6
68,60.0,0.6,40.8
79,60.0,0.6,47.4
78,60.0,0.6,46.8
65,60.0,0.6,39.0
0,60.0,0.6,0.0
100,60.0,0.6,60.0
68,60.0,0.6,40.8
68,60.0,0.6,40.8
78,60.0,0.6,46.8
78,60.0,0.6,46.8
64,60.0,0.6,38.4
66,60.0,0.6,39.6
65,60.0,0.6,39.0
64,60.0,0.6,38.4
69,60.0,0.6,41.4
0,60.0,0.6,0.0
78,60.0,0.6,46.8
66,60.0,0.6,39.6
62,60.0,0.6,37.199999999999996
0,60.0,0.6,0.0
0,60.0,0.6,0.0
66,60.0,0.6,39.6
0,60.0,0.6,0.0
0,60.0,0.6,0.0
67,60.0,0.6,40.199999999999996
0,60.0,0.6,0.0
0,60.0,0.6,0.0
65,60.0,0.6,39.0
0,60.0,0.6,0.0
62,44.0,0.44,27.28
62,44.0,0.44,27.28
0,44.0,0.44,0.0
0,44.0,0.44,0.0
51,44.0,0.44,22.44
0,44.0,0.44,0.0
54,44.0,0.44,23.76
0,44.0,0.44,0.0
61,44.0,0.44,26.84
100,44.0,0.44,44.0
51,44.0,0.44,22.44
52,44.0,0.44,22.88
52,44.0,0.44,22.88
54,44.0,0.44,23.76
0,44.0,0.44,0.0
0,44.0,0.44,0.0
51,44.0,0.44,22.44
0,44.0,0.44,0.0
51,44.0,0.44,22.44
52,44.0,0.44,22.88
0,44.0,0.44,0.0
0,44.0,0.44,0.0
0,44.0,0.44,0.0
52,44.0,0.44,22.88
0,44.0,0.44,0.0
51,44.0,0.44,22.44
0,44.0,0.44,0.0
0,44.0,0.44,0.0
0,44.0,0.44,0.0
64,44.0,0.44,28.16
0,53.0,0.53,0.0
0,53.0,0.53,0.0
0,53.0,0.53,0.0
53,53.0,0.53,28.09
0,53.0,0.53,0.0
63,53.0,0.53,33.39
63,53.0,0.53,33.39
0,53.0,0.53,0.0
0,53.0,0.53,0.0
0,53.0,0.53,0.0
0,53.0,0.53,0.0
54,53.0,0.53,28.62
0,53.0,0.53,0.0
0,53.0,0.53,0.0
75,53.0,0.53,39.75
49,53.0,0.53,25.970000000000002
51,53.0,0.53,27.03
52,53.0,0.53,27.560000000000002
0,53.0,0.53,0.0
62,53.0,0.53,32.86
61,53.0,0.53,32.33
50,53.0,0.53,26.5
49,53.0,0.53,25.970000000000002
50,53.0,0.53,26.5
51,53.0,0.53,27.03
53,53.0,0.53,28.09
0,53.0,0.53,0.0
60,53.0,0.53,31.8
49,53.0,0.53,25.970000000000002
74,53.0,0.53,39.22
100,53.0,0.53,53.0
0,49.0,0.49,0.0
58,49.0,0.49,28.419999999999998
0,49.0,0.49,0.0
0,49.0,0.49,0.0
53,49.0,0.49,25.97
55,49.0,0.49,26.95
54,49.0,0.49,26.46
55,49.0,0.49,26.95
0,49.0,0.49,0.0
68,49.0,0.49,33.32
63,49.0,0.49,30.87
0,49.0,0.49,0.0
0,49.0,0.49,0.0
54,49.0,0.49,26.46
56,49.0,0.49,27.439999999999998
0,49.0,0.49,0.0
0,49.0,0.49,0.0
62,49.0,0.49,30.38
0,49.0,0.49,0.0
0,49.0,0.49,0.0
0,49.0,0.49,0.0
53,49.0,0.49,25.97
55,49.0,0.49,26.95
63,49.0,0.49,30.87
0,49.0,0.49,0.0
0,49.0,0.49,0.0
50,49.0,0.49,24.5
100,49.0,0.49,49.0
0,49.0,0.49,0.0
56,49.0,0.49,27.439999999999998
62,49.0,0.49,30.38
0,36.0,0.36,0.0
100,36.0,0.36,36.0
0,36.0,0.36,0.0
0,36.0,0.36,0.0
0,36.0,0.36,0.0
0,36.0,0.36,0.0
0,36.0,0.36,0.0
0,36.0,0.36,0.0
0,36.0,0.36,0.0
48,36.0,0.36,17.28
0,36.0,0.36,0.0
0,36.0,0.36,0.0
0,36.0,0.36,0.0
0,36.0,0.36,0.0
0,36.0,0.36,0.0
0,36.0,0.36,0.0
0,36.0,0.36,0.0
71,36.0,0.36,25.56
48,36.0,0.36,17.28
51,36.0,0.36,18.36
0,36.0,0.36,0.0
56,36.0,0.36,20.16
0,36.0,0.36,0.0
48,36.0,0.36,17.28
0,36.0,0.36,0.0
49,36.0,0.36,17.64
0,36.0,0.36,0.0
58,36.0,0.36,20.88
56,36.0,0.36,20.16
0,36.0,0.36,0.0
33,76.0,0.76,25.080000000000002
50,76.0,0.76,38.0
68,76.0,0.76,51.68
0,76.0,0.76,0.0
40,76.0,0.76,30.4
0,76.0,0.76,0.0
34,76.0,0.76,25.84
100,76.0,0.76,76.0
34,76.0,0.76,25.84
68,76.0,0.76,51.68
35,76.0,0.76,26.6
41,76.0,0.76,31.16
54,76.0,0.76,41.04
34,76.0,0.76,25.84
0,76.0,0.76,0.0
34,76.0,0.76,25.84
68,76.0,0.76,51.68
0,76.0,0.76,0.0
54,76.0,0.76,41.04
0,76.0,0.76,0.0
33,76.0,0.76,25.080000000000002
33,76.0,0.76,25.080000000000002
0,76.0,0.76,0.0
0,76.0,0.76,0.0
0,76.0,0.76,0.0
0,76.0,0.76,0.0
39,76.0,0.76,29.64
0,76.0,0.76,0.0
33,76.0,0.76,25.080000000000002
67,76.0,0.76,50.92
35,76.0,0.76,26.6
73,49.0,0.49,35.769999999999996
81,49.0,0.49,39.69
79,49.0,0.49,38.71
67,49.0,0.49,32.83
0,49.0,0.49,0.0
0,49.0,0.49,0.0
68,49.0,0.49,33.32
70,49.0,0.49,34.3
0,49.0,0.49,0.0
77,49.0,0.49,37.73
67,49.0,0.49,32.83
66,49.0,0.49,32.339999999999996
99,49.0,0.49,48.51
0,49.0,0.49,0.0
70,49.0,0.49,34.3
0,49.0,0.49,0.0
79,49.0,0.49,38.71
66,49.0,0.49,32.339999999999996
65,49.0,0.49,31.849999999999998
66,49.0,0.49,32.339999999999996
100,49.0,0.49,49.0
69,49.0,0.49,33.81
78,49.0,0.49,38.22
75,49.0,0.49,36.75
0,49.0,0.49,0.0
65,49.0,0.49,31.849999999999998
65,49.0,0.49,31.849999999999998
0,49.0,0.49,0.0
0,49.0,0.49,0.0
0,49.0,0.49,0.0
70,63.0,0.63,44.1
0,63.0,0.63,0.0
55,63.0,0.63,34.65
41,63.0,0.63,25.830000000000002
42,63.0,0.63,26.46
44,63.0,0.63,27.72
100,63.0,0.63,63.0
97,63.0,0.63,61.11
0,63.0,0.63,0.0
42,63.0,0.63,26.46
42,63.0,0.63,26.46
43,63.0,0.63,27.09
44,63.0,0.63,27.72
50,63.0,0.63,31.5
51,63.0,0.63,32.13
42,63.0,0.63,26.46
43,63.0,0.63,27.09
0,63.0,0.63,0.0
45,63.0,0.63,28.35
0,63.0,0.63,0.0
52,63.0,0.63,32.76
0,63.0,0.63,0.0
0,63.0,0.63,0.0
0,63.0,0.63,0.0
57,63.0,0.63,35.910000000000004
0,63.0,0.63,0.0
47,63.0,0.63,29.61
0,63.0,0.63,0.0
0,63.0,0.63,0.0
46,63.0,0.63,28.98
0,63.0,0.63,0.0
44,45.0,0.45,19.8
36,45.0,0.45,16.2
71,45.0,0.45,31.95
39,45.0,0.45,17.55
78,45.0,0.45,35.1
34,45.0,0.45,15.3
0,45.0,0.45,0.0
33,45.0,0.45,14.85
34,45.0,0.45,15.3
35,45.0,0.45,15.75
0,45.0,0.45,0.0
0,45.0,0.45,0.0
0,45.0,0.45,0.0
0,45.0,0.45,0.0
33,45.0,0.45,14.85
0,45.0,0.45,0.0
69,45.0,0.45,31.05
0,45.0,0.45,0.0
0,45.0,0.45,0.0
33,45.0,0.45,14.85
0,45.0,0.45,0.0
32,45.0,0.45,14.4
33,45.0,0.45,14.85
0,45.0,0.45,0.0
0,45.0,0.45,0.0
0,45.0,0.45,0.0
0,45.0,0.45,0.0
48,45.0,0.45,21.6
33,45.0,0.45,14.85
100,45.0,0.45,45.0
34,45.0,0.45,15.3
59,100.0,1.0,59.0
0,100.0,1.0,0.0
0,100.0,1.0,0.0
33,100.0,1.0,33.0
34,100.0,1.0,34.0
46,100.0,1.0,46.0
0,100.0,1.0,0.0
38,100.0,1.0,38.0
0,100.0,1.0,0.0
64,100.0,1.0,64.0
32,100.0,1.0,32.0
33,100.0,1.0,33.0
33,100.0,1.0,33.0
34,100.0,1.0,34.0
0,100.0,1.0,0.0
39,100.0,1.0,39.0
0,100.0,1.0,0.0
0,100.0,1.0,0.0
66,100.0,1.0,66.0
100,100.0,1.0,100.0
35,100.0,1.0,35.0
0,100.0,1.0,0.0
0,100.0,1.0,0.0
32,100.0,1.0,32.0
0,100.0,1.0,0.0
33,100.0,1.0,33.0
33,100.0,1.0,33.0
69,100.0,1.0,69.0
0,34.0,0.34,0.0
49,34.0,0.34,16.66
0,34.0,0.34,0.0
43,34.0,0.34,14.620000000000001
66,34.0,0.34,22.44
0,34.0,0.34,0.0
0,34.0,0.34,0.0
0,34.0,0.34,0.0
0,34.0,0.34,0.0
43,34.0,0.34,14.620000000000001
45,34.0,0.34,15.3
43,34.0,0.34,14.620000000000001
43,34.0,0.34,14.620000000000001
0,34.0,0.34,0.0
51,34.0,0.34,17.34
0,34.0,0.34,0.0
0,34.0,0.34,0.0
0,34.0,0.34,0.0
0,34.0,0.34,0.0
0,34.0,0.34,0.0
0,34.0,0.34,0.0
0,34.0,0.34,0.0
49,34.0,0.34,16.66
0,34.0,0.34,0.0
0,34.0,0.34,0.0
0,34.0,0.34,0.0
0,34.0,0.34,0.0
44,34.0,0.34,14.96
100,34.0,0.34,34.0
0,34.0,0.34,0.0
42,34.0,0.34,14.280000000000001
0,52.0,0.52,0.0
48,52.0,0.52,24.96
32,52.0,0.52,16.64
0,52.0,0.52,0.0
37,52.0,0.52,19.240000000000002
36,52.0,0.52,18.72
32,52.0,0.52,16.64
62,52.0,0.52,32.24
32,52.0,0.52,16.64
64,52.0,0.52,33.28
0,52.0,0.52,0.0
40,52.0,0.52,20.8
77,52.0,0.52,40.04
32,52.0,0.52,16.64
0,52.0,0.52,0.0
33,52.0,0.52,17.16
0,52.0,0.52,0.0
0,52.0,0.52,0.0
0,52.0,0.52,0.0
0,52.0,0.52,0.0
34,52.0,0.52,17.68
32,52.0,0.52,16.64
0,52.0,0.52,0.0
100,52.0,0.52,52.0
66,52.0,0.52,34.32
0,52.0,0.52,0.0
36,52.0,0.52,18.72
31,52.0,0.52,16.12
32,52.0,0.52,16.64
0,52.0,0.52,0.0
73,60.0,0.6,43.8
0,60.0,0.6,0.0
0,60.0,0.6,0.0
39,60.0,0.6,23.4
33,60.0,0.6,19.8
0,60.0,0.6,0.0
33,60.0,0.6,19.8
34,60.0,0.6,20.4
35,60.0,0.6,21.0
40,60.0,0.6,24.0
38,60.0,0.6,22.8
0,60.0,0.6,0.0
33,60.0,0.6,19.8
100,60.0,0.6,60.0
0,60.0,0.6,0.0
34,60.0,0.6,20.4
0,60.0,0.6,0.0
0,60.0,0.6,0.0
33,60.0,0.6,19.8
50,60.0,0.6,30.0
36,60.0,0.6,21.599999999999998
36,60.0,0.6,21.599999999999998
38,60.0,0.6,22.8
0,60.0,0.6,0.0
0,60.0,0.6,0.0
37,60.0,0.6,22.2
35,60.0,0.6,21.0
36,60.0,0.6,21.599999999999998
37,60.0,0.6,22.2
38,60.0,0.6,22.8
0,60.0,0.6,0.0
80,52.0,0.52,41.6
100,52.0,0.52,52.0
0,52.0,0.52,0.0
98,52.0,0.52,50.96
67,52.0,0.52,34.84
71,52.0,0.52,36.92
0,52.0,0.52,0.0
0,52.0,0.52,0.0
68,52.0,0.52,35.36
69,52.0,0.52,35.88
0,52.0,0.52,0.0
67,52.0,0.52,34.84
0,52.0,0.52,0.0
81,52.0,0.52,42.120000000000005
0,52.0,0.52,0.0
0,52.0,0.52,0.0
67,52.0,0.52,34.84
0,52.0,0.52,0.0
68,52.0,0.52,35.36
71,52.0,0.52,36.92
0,52.0,0.52,0.0
0,52.0,0.52,0.0
0,52.0,0.52,0.0
67,52.0,0.52,34.84
0,52.0,0.52,0.0
68,52.0,0.52,35.36
0,52.0,0.52,0.0
0,52.0,0.52,0.0
82,52.0,0.52,42.64
0,52.0,0.52,0.0
0,27.0,0.27,0.0
0,27.0,0.27,0.0
50,27.0,0.27,13.5
0,27.0,0.27,0.0
0,27.0,0.27,0.0
0,27.0,0.27,0.0
49,27.0,0.27,13.23
47,27.0,0.27,12.690000000000001
0,27.0,0.27,0.0
48,27.0,0.27,12.96
0,27.0,0.27,0.0
0,27.0,0.27,0.0
0,27.0,0.27,0.0
49,27.0,0.27,13.23
47,27.0,0.27,12.690000000000001
0,27.0,0.27,0.0
0,27.0,0.27,0.0
0,27.0,0.27,0.0
0,27.0,0.27,0.0
0,27.0,0.27,0.0
0,27.0,0.27,0.0
47,27.0,0.27,12.690000000000001
0,27.0,0.27,0.0
0,27.0,0.27,0.0
0,27.0,0.27,0.0
61,27.0,0.27,16.470000000000002
0,27.0,0.27,0.0
100,27.0,0.27,27.0
48,27.0,0.27,12.96
0,27.0,0.27,0.0
0,27.0,0.27,0.0
45,39.0,0.39,17.55
100,39.0,0.39,39.0
0,39.0,0.39,0.0
41,39.0,0.39,15.99
0,39.0,0.39,0.0
42,39.0,0.39,16.38
0,39.0,0.39,0.0
0,39.0,0.39,0.0
0,39.0,0.39,0.0
0,39.0,0.39,0.0
82,39.0,0.39,31.98
0,39.0,0.39,0.0
41,39.0,0.39,15.99
42,39.0,0.39,16.38
0,39.0,0.39,0.0
0,39.0,0.39,0.0
0,39.0,0.39,0.0
0,39.0,0.39,0.0
41,39.0,0.39,15.99
0,39.0,0.39,0.0
0,39.0,0.39,0.0
42,39.0,0.39,16.38
0,39.0,0.39,0.0
0,39.0,0.39,0.0
83,39.0,0.39,32.370000000000005
0,39.0,0.39,0.0
0,39.0,0.39,0.0
0,39.0,0.39,0.0
42,39.0,0.39,16.38
0,39.0,0.39,0.0
0,39.0,0.39,0.0
0,51.0,0.51,0.0
67,51.0,0.51,34.17
44,51.0,0.51,22.44
0,51.0,0.51,0.0
35,51.0,0.51,17.85
0,51.0,0.51,0.0
0,51.0,0.51,0.0
67,51.0,0.51,34.17
33,51.0,0.51,16.830000000000002
0,51.0,0.51,0.0
50,51.0,0.51,25.5
0,51.0,0.51,0.0
40,51.0,0.51,20.4
79,51.0,0.51,40.29
100,51.0,0.51,51.0
33,51.0,0.51,16.830000000000002
0,51.0,0.51,0.0
56,51.0,0.51,28.560000000000002
35,51.0,0.51,17.85
0,51.0,0.51,0.0
39,51.0,0.51,19.89
33,51.0,0.51,16.830000000000002
0,51.0,0.51,0.0
0,51.0,0.51,0.0
0,51.0,0.51,0.0
0,51.0,0.51,0.0
0,51.0,0.51,0.0
39,51.0,0.51,19.89
0,51.0,0.51,0.0
33,51.0,0.51,16.830000000000002
31,54.0,0.54,16.740000000000002
0,54.0,0.54,0.0
100,54.0,0.54,54.0
0,54.0,0.54,0.0
36,54.0,0.54,19.44
0,54.0,0.54,0.0
0,54.0,0.54,0.0
0,54.0,0.54,0.0
61,54.0,0.54,32.940000000000005
32,54.0,0.54,17.28
0,54.0,0.54,0.0
36,54.0,0.54,19.44
0,54.0,0.54,0.0
30,54.0,0.54,16.200000000000003
0,54.0,0.54,0.0
30,54.0,0.54,16.200000000000003
0,54.0,0.54,0.0
0,54.0,0.54,0.0
36,54.0,0.54,19.44
61,54.0,0.54,32.940000000000005
30,54.0,0.54,16.200000000000003
30,54.0,0.54,16.200000000000003
46,54.0,0.54,24.840000000000003
32,54.0,0.54,17.28
37,54.0,0.54,19.98
0,54.0,0.54,0.0
0,54.0,0.54,0.0
30,54.0,0.54,16.200000000000003
0,54.0,0.54,0.0
0,54.0,0.54,0.0
0,54.0,0.54,0.0
52,47.0,0.47,24.439999999999998
0,47.0,0.47,0.0
43,47.0,0.47,20.209999999999997
83,47.0,0.47,39.01
70,47.0,0.47,32.9
0,47.0,0.47,0.0
0,47.0,0.47,0.0
0,47.0,0.47,0.0
0,47.0,0.47,0.0
43,47.0,0.47,20.209999999999997
0,47.0,0.47,0.0
42,47.0,0.47,19.74
42,47.0,0.47,19.74
65,47.0,0.47,30.549999999999997
49,47.0,0.47,23.029999999999998
0,47.0,0.47,0.0
42,47.0,0.47,19.74
92,47.0,0.47,43.239999999999995
43,47.0,0.47,20.209999999999997
0,47.0,0.47,0.0
44,47.0,0.47,20.68
0,47.0,0.47,0.0
97,47.0,0.47,45.589999999999996
84,47.0,0.47,39.48
41,47.0,0.47,19.27
42,47.0,0.47,19.74
0,47.0,0.47,0.0
0,47.0,0.47,0.0
100,47.0,0.47,47.0
48,47.0,0.47,22.56
40,55.0,0.55,22.0
100,55.0,0.55,55.00000000000001
40,55.0,0.55,22.0
41,55.0,0.55,22.55
86,55.0,0.55,47.300000000000004
0,55.0,0.55,0.0
0,55.0,0.55,0.0
82,55.0,0.55,45.1
81,55.0,0.55,44.550000000000004
41,55.0,0.55,22.55
41,55.0,0.55,22.55
44,55.0,0.55,24.200000000000003
0,55.0,0.55,0.0
48,55.0,0.55,26.400000000000002
41,55.0,0.55,22.55
83,55.0,0.55,45.650000000000006
42,55.0,0.55,23.1
65,55.0,0.55,35.75
45,55.0,0.55,24.750000000000004
0,55.0,0.55,0.0
0,55.0,0.55,0.0
44,55.0,0.55,24.200000000000003
0,55.0,0.55,0.0
0,55.0,0.55,0.0
0,55.0,0.55,0.0
49,55.0,0.55,26.950000000000003
50,55.0,0.55,27.500000000000004
0,55.0,0.55,0.0
44,55.0,0.55,24.200000000000003
45,55.0,0.55,24.750000000000004
0,55.0,0.55,0.0
43,39.0,0.39,16.77
0,39.0,0.39,0.0
41,39.0,0.39,15.99
77,39.0,0.39,30.03
33,39.0,0.39,12.870000000000001
100,39.0,0.39,39.0
66,39.0,0.39,25.740000000000002
33,39.0,0.39,12.870000000000001
67,39.0,0.39,26.130000000000003
0,39.0,0.39,0.0
38,39.0,0.39,14.82
0,39.0,0.39,0.0
33,39.0,0.39,12.870000000000001
50,39.0,0.39,19.5
33,39.0,0.39,12.870000000000001
0,39.0,0.39,0.0
0,39.0,0.39,0.0
38,39.0,0.39,14.82
0,39.0,0.39,0.0
32,39.0,0.39,12.48
32,39.0,0.39,12.48
0,39.0,0.39,0.0
34,39.0,0.39,13.26
0,39.0,0.39,0.0
0,39.0,0.39,0.0
0,39.0,0.39,0.0
32,39.0,0.39,12.48
0,39.0,0.39,0.0
0,39.0,0.39,0.0
34,39.0,0.39,13.26
0,39.0,0.39,0.0
0,39.0,0.39,0.0
45,39.0,0.39,17.55
0,39.0,0.39,0.0
43,39.0,0.39,16.77
44,39.0,0.39,17.16
0,39.0,0.39,0.0
0,39.0,0.39,0.0
52,39.0,0.39,20.28
65,39.0,0.39,25.35
42,39.0,0.39,16.38
43,39.0,0.39,16.77
0,39.0,0.39,0.0
0,39.0,0.39,0.0
0,39.0,0.39,0.0
0,39.0,0.39,0.0
0,39.0,0.39,0.0
0,39.0,0.39,0.0
0,39.0,0.39,0.0
45,39.0,0.39,17.55
0,39.0,0.39,0.0
51,39.0,0.39,19.89
100,39.0,0.39,39.0
0,39.0,0.39,0.0
44,39.0,0.39,17.16
65,39.0,0.39,25.35
43,39.0,0.39,16.77
44,39.0,0.39,17.16
0,39.0,0.39,0.0
0,60.0,0.6,0.0
0,60.0,0.6,0.0
33,60.0,0.6,19.8
0,60.0,0.6,0.0
0,60.0,0.6,0.0
0,60.0,0.6,0.0
0,60.0,0.6,0.0
0,60.0,0.6,0.0
66,60.0,0.6,39.6
33,60.0,0.6,19.8
34,60.0,0.6,20.4
0,60.0,0.6,0.0
34,60.0,0.6,20.4
59,60.0,0.6,35.4
0,60.0,0.6,0.0
33,60.0,0.6,19.8
34,60.0,0.6,20.4
67,60.0,0.6,40.199999999999996
0,60.0,0.6,0.0
0,60.0,0.6,0.0
0,60.0,0.6,0.0
38,60.0,0.6,22.8
100,60.0,0.6,60.0
0,60.0,0.6,0.0
0,60.0,0.6,0.0
39,60.0,0.6,23.4
0,60.0,0.6,0.0
0,60.0,0.6,0.0
0,60.0,0.6,0.0
34,60.0,0.6,20.4
67,60.0,0.6,40.199999999999996
50,55.0,0.55,27.500000000000004
31,55.0,0.55,17.05
100,55.0,0.55,55.00000000000001
0,55.0,0.55,0.0
0,55.0,0.55,0.0
31,55.0,0.55,17.05
29,55.0,0.55,15.950000000000001
29,55.0,0.55,15.950000000000001
30,55.0,0.55,16.5
0,55.0,0.55,0.0
0,55.0,0.55,0.0
0,55.0,0.55,0.0
29,55.0,0.55,15.950000000000001
29,55.0,0.55,15.950000000000001
0,55.0,0.55,0.0
30,55.0,0.55,16.5
0,55.0,0.55,0.0
70,55.0,0.55,38.5
0,55.0,0.55,0.0
29,55.0,0.55,15.950000000000001
30,55.0,0.55,16.5
29,55.0,0.55,15.950000000000001
0,55.0,0.55,0.0
31,55.0,0.55,17.05
35,55.0,0.55,19.25
0,55.0,0.55,0.0
88,55.0,0.55,48.400000000000006
0,55.0,0.55,0.0
58,55.0,0.55,31.900000000000002
30,55.0,0.55,16.5
53,63.0,0.63,33.39
58,63.0,0.63,36.54
55,63.0,0.63,34.65
48,63.0,0.63,30.240000000000002
0,63.0,0.63,0.0
48,63.0,0.63,30.240000000000002
48,63.0,0.63,30.240000000000002
50,63.0,0.63,31.5
56,63.0,0.63,35.28
58,63.0,0.63,36.54
47,63.0,0.63,29.61
47,63.0,0.63,29.61
48,63.0,0.63,30.240000000000002
48,63.0,0.63,30.240000000000002
50,63.0,0.63,31.5
0,63.0,0.63,0.0
57,63.0,0.63,35.910000000000004
47,63.0,0.63,29.61
0,63.0,0.63,0.0
62,63.0,0.63,39.06
48,63.0,0.63,30.240000000000002
100,63.0,0.63,63.0
0,63.0,0.63,0.0
57,63.0,0.63,35.910000000000004
0,63.0,0.63,0.0
47,63.0,0.63,29.61
46,63.0,0.63,28.98
0,63.0,0.63,0.0
50,63.0,0.63,31.5
56,63.0,0.63,35.28
0,63.0,0.63,0.0
0,18.0,0.18,0.0
97,18.0,0.18,17.46
0,18.0,0.18,0.0
78,18.0,0.18,14.04
0,18.0,0.18,0.0
60,18.0,0.18,10.799999999999999
0,18.0,0.18,0.0
0,18.0,0.18,0.0
0,18.0,0.18,0.0
0,18.0,0.18,0.0
0,18.0,0.18,0.0
0,18.0,0.18,0.0
0,18.0,0.18,0.0
0,18.0,0.18,0.0
48,18.0,0.18,8.64
49,18.0,0.18,8.82
0,18.0,0.18,0.0
0,18.0,0.18,0.0
0,18.0,0.18,0.0
0,18.0,0.18,0.0
0,18.0,0.18,0.0
0,18.0,0.18,0.0
49,18.0,0.18,8.82
0,18.0,0.18,0.0
100,18.0,0.18,18.0
0,18.0,0.18,0.0
0,18.0,0.18,0.0
0,18.0,0.18,0.0
50,18.0,0.18,9.0
0,18.0,0.18,0.0
0,45.0,0.45,0.0
51,45.0,0.45,22.95
54,45.0,0.45,24.3
0,45.0,0.45,0.0
0,45.0,0.45,0.0
48,45.0,0.45,21.6
73,45.0,0.45,32.85
48,45.0,0.45,21.6
0,45.0,0.45,0.0
51,45.0,0.45,22.95
0,45.0,0.45,0.0
0,45.0,0.45,0.0
48,45.0,0.45,21.6
49,45.0,0.45,22.05
50,45.0,0.45,22.5
100,45.0,0.45,45.0
52,45.0,0.45,23.400000000000002
0,45.0,0.45,0.0
63,45.0,0.45,28.35
0,45.0,0.45,0.0
49,45.0,0.45,22.05
0,45.0,0.45,0.0
50,45.0,0.45,22.5
52,45.0,0.45,23.400000000000002
58,45.0,0.45,26.1
60,45.0,0.45,27.0
49,45.0,0.45,22.05
72,45.0,0.45,32.4
48,45.0,0.45,21.6
49,45.0,0.45,22.05
0,45.0,0.45,0.0
0,42.0,0.42,0.0
0,42.0,0.42,0.0
0,42.0,0.42,0.0
53,42.0,0.42,22.259999999999998
54,42.0,0.42,22.68
53,42.0,0.42,22.259999999999998
0,42.0,0.42,0.0
0,42.0,0.42,0.0
62,42.0,0.42,26.04
0,42.0,0.42,0.0
51,42.0,0.42,21.419999999999998
0,42.0,0.42,0.0
53,42.0,0.42,22.259999999999998
54,42.0,0.42,22.68
0,42.0,0.42,0.0
0,42.0,0.42,0.0
0,42.0,0.42,0.0
0,42.0,0.42,0.0
0,42.0,0.42,0.0
0,42.0,0.42,0.0
0,42.0,0.42,0.0
0,42.0,0.42,0.0
0,42.0,0.42,0.0
50,42.0,0.42,21.0
52,42.0,0.42,21.84
0,42.0,0.42,0.0
52,42.0,0.42,21.84
54,42.0,0.42,22.68
0,42.0,0.42,0.0
0,42.0,0.42,0.0
100,42.0,0.42,42.0
63,61.0,0.61,38.43
0,61.0,0.61,0.0
0,61.0,0.61,0.0
100,61.0,0.61,61.0
0,61.0,0.61,0.0
0,61.0,0.61,0.0
65,61.0,0.61,39.65
64,61.0,0.61,39.04
62,61.0,0.61,37.82
63,61.0,0.61,38.43
0,61.0,0.61,0.0
0,61.0,0.61,0.0
0,61.0,0.61,0.0
62,61.0,0.61,37.82
62,61.0,0.61,37.82
0,61.0,0.61,0.0
63,61.0,0.61,38.43
0,61.0,0.61,0.0
75,61.0,0.61,45.75
72,61.0,0.61,43.92
64,61.0,0.61,39.04
0,61.0,0.61,0.0
94,61.0,0.61,57.339999999999996
0,61.0,0.61,0.0
69,61.0,0.61,42.089999999999996
78,61.0,0.61,47.58
0,61.0,0.61,0.0
60,61.0,0.61,36.6
0,61.0,0.61,0.0
96,61.0,0.61,58.56
50,49.0,0.49,24.5
0,49.0,0.49,0.0
59,49.0,0.49,28.91
58,49.0,0.49,28.419999999999998
0,49.0,0.49,0.0
0,49.0,0.49,0.0
100,49.0,0.49,49.0
0,49.0,0.49,0.0
0,49.0,0.49,0.0
0,49.0,0.49,0.0
59,49.0,0.49,28.91
51,49.0,0.49,24.99
49,49.0,0.49,24.009999999999998
49,49.0,0.49,24.009999999999998
0,49.0,0.49,0.0
51,49.0,0.49,24.99
0,49.0,0.49,0.0
0,49.0,0.49,0.0
0,49.0,0.49,0.0
49,49.0,0.49,24.009999999999998
50,49.0,0.49,24.5
0,49.0,0.49,0.0
52,49.0,0.49,25.48
0,49.0,0.49,0.0
0,49.0,0.49,0.0
0,49.0,0.49,0.0
0,49.0,0.49,0.0
49,49.0,0.49,24.009999999999998
74,49.0,0.49,36.26
78,49.0,0.49,38.22
59,49.0,0.49,28.91
100,55.0,0.55,55.00000000000001
0,55.0,0.55,0.0
42,55.0,0.55,23.1
42,55.0,0.55,23.1
42,55.0,0.55,23.1
45,55.0,0.55,24.750000000000004
0,55.0,0.55,0.0
48,55.0,0.55,26.400000000000002
42,55.0,0.55,23.1
42,55.0,0.55,23.1
43,55.0,0.55,23.650000000000002
43,55.0,0.55,23.650000000000002
88,55.0,0.55,48.400000000000006
0,55.0,0.55,0.0
48,55.0,0.55,26.400000000000002
43,55.0,0.55,23.650000000000002
0,55.0,0.55,0.0
42,55.0,0.55,23.1
44,55.0,0.55,24.200000000000003
43,55.0,0.55,23.650000000000002
49,55.0,0.55,26.950000000000003
48,55.0,0.55,26.400000000000002
64,55.0,0.55,35.2
42,55.0,0.55,23.1
0,55.0,0.55,0.0
0,55.0,0.55,0.0
0,55.0,0.55,0.0
51,55.0,0.55,28.05
0,55.0,0.55,0.0
40,55.0,0.55,22.0
39,51.0,0.51,19.89
40,51.0,0.51,20.4
81,51.0,0.51,41.31
0,51.0,0.51,0.0
0,51.0,0.51,0.0
0,51.0,0.51,0.0
0,51.0,0.51,0.0
41,51.0,0.51,20.91
0,51.0,0.51,0.0
0,51.0,0.51,0.0
42,51.0,0.51,21.42
47,51.0,0.51,23.97
0,51.0,0.51,0.0
40,51.0,0.51,20.4
83,51.0,0.51,42.33
83,51.0,0.51,42.33
0,51.0,0.51,0.0
0,51.0,0.51,0.0
0,51.0,0.51,0.0
0,51.0,0.51,0.0
43,51.0,0.51,21.93
0,51.0,0.51,0.0
46,51.0,0.51,23.46
0,51.0,0.51,0.0
0,51.0,0.51,0.0
0,51.0,0.51,0.0
100,51.0,0.51,51.0
0,51.0,0.51,0.0
0,51.0,0.51,0.0
45,51.0,0.51,22.95
49,51.0,0.51,24.990000000000002
0,51.0,0.51,0.0
0,51.0,0.51,0.0
69,51.0,0.51,35.19
61,51.0,0.51,31.11
0,51.0,0.51,0.0
61,51.0,0.51,31.11
0,51.0,0.51,0.0
62,51.0,0.51,31.62
0,51.0,0.51,0.0
0,51.0,0.51,0.0
58,51.0,0.51,29.580000000000002
59,51.0,0.51,30.09
61,51.0,0.51,31.11
59,51.0,0.51,30.09
0,51.0,0.51,0.0
0,51.0,0.51,0.0
0,51.0,0.51,0.0
0,51.0,0.51,0.0
59,51.0,0.51,30.09
60,51.0,0.51,30.6
0,51.0,0.51,0.0
62,51.0,0.51,31.62
69,51.0,0.51,35.19
0,51.0,0.51,0.0
0,51.0,0.51,0.0
59,51.0,0.51,30.09
0,51.0,0.51,0.0
60,51.0,0.51,30.6
62,51.0,0.51,31.62
69,51.0,0.51,35.19
100,51.0,0.51,51.0
40,75.0,0.75,30.0
61,75.0,0.75,45.75
80,75.0,0.75,60.0
41,75.0,0.75,30.75
42,75.0,0.75,31.5
93,75.0,0.75,69.75
48,75.0,0.75,36.0
81,75.0,0.75,60.75
41,75.0,0.75,30.75
60,75.0,0.75,45.0
100,75.0,0.75,75.0
63,75.0,0.75,47.25
45,75.0,0.75,33.75
88,75.0,0.75,66.0
42,75.0,0.75,31.5
39,75.0,0.75,29.25
82,75.0,0.75,61.5
0,75.0,0.75,0.0
40,75.0,0.75,30.0
46,75.0,0.75,34.5
45,75.0,0.75,33.75
0,75.0,0.75,0.0
41,75.0,0.75,30.75
0,75.0,0.75,0.0
40,75.0,0.75,30.0
41,75.0,0.75,30.75
47,75.0,0.75,35.25
45,75.0,0.75,33.75
40,75.0,0.75,30.0
31,86.0,0.86,26.66
32,86.0,0.86,27.52
64,86.0,0.86,55.04
33,86.0,0.86,28.38
36,86.0,0.86,30.96
0,86.0,0.86,0.0
0,86.0,0.86,0.0
0,86.0,0.86,0.0
0,86.0,0.86,0.0
0,86.0,0.86,0.0
0,86.0,0.86,0.0
0,86.0,0.86,0.0
0,86.0,0.86,0.0
32,86.0,0.86,27.52
0,86.0,0.86,0.0
0,86.0,0.86,0.0
65,86.0,0.86,55.9
0,86.0,0.86,0.0
0,86.0,0.86,0.0
37,86.0,0.86,31.82
0,86.0,0.86,0.0
0,86.0,0.86,0.0
0,86.0,0.86,0.0
35,86.0,0.86,30.099999999999998
36,86.0,0.86,30.96
0,86.0,0.86,0.0
38,86.0,0.86,32.68
100,86.0,0.86,86.0
0,86.0,0.86,0.0
0,86.0,0.86,0.0
0,86.0,0.86,0.0
49,75.0,0.75,36.75
56,75.0,0.75,42.0
0,75.0,0.75,0.0
49,75.0,0.75,36.75
73,75.0,0.75,54.75
98,75.0,0.75,73.5
0,75.0,0.75,0.0
0,75.0,0.75,0.0
0,75.0,0.75,0.0
0,75.0,0.75,0.0
49,75.0,0.75,36.75
47,75.0,0.75,35.25
0,75.0,0.75,0.0
100,75.0,0.75,75.0
50,75.0,0.75,37.5
0,75.0,0.75,0.0
55,75.0,0.75,41.25
0,75.0,0.75,0.0
71,75.0,0.75,53.25
72,75.0,0.75,54.0
0,75.0,0.75,0.0
52,75.0,0.75,39.0
0,75.0,0.75,0.0
0,75.0,0.75,0.0
47,75.0,0.75,35.25
94,75.0,0.75,70.5
48,75.0,0.75,36.0
48,75.0,0.75,36.0
0,75.0,0.75,0.0
0,75.0,0.75,0.0
0,51.0,0.51,0.0
50,51.0,0.51,25.5
71,51.0,0.51,36.21
49,51.0,0.51,24.990000000000002
100,51.0,0.51,51.0
51,51.0,0.51,26.01
0,51.0,0.51,0.0
56,51.0,0.51,28.560000000000002
49,51.0,0.51,24.990000000000002
72,51.0,0.51,36.72
47,51.0,0.51,23.97
73,51.0,0.51,37.230000000000004
0,51.0,0.51,0.0
0,51.0,0.51,0.0
0,51.0,0.51,0.0
72,51.0,0.51,36.72
0,51.0,0.51,0.0
0,51.0,0.51,0.0
48,51.0,0.51,24.48
0,51.0,0.51,0.0
0,51.0,0.51,0.0
56,51.0,0.51,28.560000000000002
47,51.0,0.51,23.97
48,51.0,0.51,24.48
0,51.0,0.51,0.0
50,51.0,0.51,25.5
0,51.0,0.51,0.0
0,51.0,0.51,0.0
57,51.0,0.51,29.07
50,51.0,0.51,25.5
48,51.0,0.51,24.48
49,54.0,0.54,26.46
48,54.0,0.54,25.92
100,54.0,0.54,54.0
56,54.0,0.54,30.240000000000002
55,54.0,0.54,29.700000000000003
49,54.0,0.54,26.46
48,54.0,0.54,25.92
49,54.0,0.54,26.46
97,54.0,0.54,52.38
52,54.0,0.54,28.080000000000002
0,54.0,0.54,0.0
57,54.0,0.54,30.78
48,54.0,0.54,25.92
0,54.0,0.54,0.0
49,54.0,0.54,26.46
48,54.0,0.54,25.92
50,54.0,0.54,27.0
0,54.0,0.54,0.0
0,54.0,0.54,0.0
0,54.0,0.54,0.0
49,54.0,0.54,26.46
48,54.0,0.54,25.92
0,54.0,0.54,0.0
51,54.0,0.54,27.540000000000003
0,54.0,0.54,0.0
56,54.0,0.54,30.240000000000002
48,54.0,0.54,25.92
50,54.0,0.54,27.0
50,54.0,0.54,27.0
0,54.0,0.54,0.0
0,44.0,0.44,0.0
0,44.0,0.44,0.0
0,44.0,0.44,0.0
0,44.0,0.44,0.0
85,44.0,0.44,37.4
88,44.0,0.44,38.72
89,44.0,0.44,39.160000000000004
90,44.0,0.44,39.6
0,44.0,0.44,0.0
0,44.0,0.44,0.0
0,44.0,0.44,0.0
85,44.0,0.44,37.4
0,44.0,0.44,0.0
0,44.0,0.44,0.0
89,44.0,0.44,39.160000000000004
0,44.0,0.44,0.0
0,44.0,0.44,0.0
0,44.0,0.44,0.0
85,44.0,0.44,37.4
87,44.0,0.44,38.28
0,44.0,0.44,0.0
88,44.0,0.44,38.72
100,44.0,0.44,44.0
100,44.0,0.44,44.0
85,44.0,0.44,37.4
84,44.0,0.44,36.96
0,44.0,0.44,0.0
0,44.0,0.44,0.0
0,44.0,0.44,0.0
0,44.0,0.44,0.0
0,44.0,0.44,0.0
0,32.0,0.32,0.0
0,32.0,0.32,0.0
0,32.0,0.32,0.0
79,32.0,0.32,25.28
0,32.0,0.32,0.0
0,32.0,0.32,0.0
0,32.0,0.32,0.0
81,32.0,0.32,25.92
85,32.0,0.32,27.2
0,32.0,0.32,0.0
0,32.0,0.32,0.0
0,32.0,0.32,0.0
0,32.0,0.32,0.0
0,32.0,0.32,0.0
0,32.0,0.32,0.0
85,32.0,0.32,27.2
0,32.0,0.32,0.0
89,32.0,0.32,28.48
0,32.0,0.32,0.0
0,32.0,0.32,0.0
100,32.0,0.32,32.0
0,32.0,0.32,0.0
82,32.0,0.32,26.240000000000002
0,32.0,0.32,0.0
0,32.0,0.32,0.0
0,32.0,0.32,0.0
0,32.0,0.32,0.0
0,32.0,0.32,0.0
76,32.0,0.32,24.32
0,32.0,0.32,0.0
0,32.0,0.32,0.0
50,52.0,0.52,26.0
52,52.0,0.52,27.04
0,52.0,0.52,0.0
57,52.0,0.52,29.64
0,52.0,0.52,0.0
49,52.0,0.52,25.48
100,52.0,0.52,52.0
51,52.0,0.52,26.52
70,52.0,0.52,36.4
58,52.0,0.52,30.16
58,52.0,0.52,30.16
50,52.0,0.52,26.0
99,52.0,0.52,51.480000000000004
0,52.0,0.52,0.0
50,52.0,0.52,26.0
51,52.0,0.52,26.52
0,52.0,0.52,0.0
55,52.0,0.52,28.6
49,52.0,0.52,25.48
0,52.0,0.52,0.0
73,52.0,0.52,37.96
0,52.0,0.52,0.0
0,52.0,0.52,0.0
0,52.0,0.52,0.0
0,52.0,0.52,0.0
48,52.0,0.52,24.96
49,52.0,0.52,25.48
49,52.0,0.52,25.48
49,52.0,0.52,25.48
50,52.0,0.52,26.0
52,69.0,0.69,35.879999999999995
100,69.0,0.69,69.0
44,69.0,0.69,30.36
44,69.0,0.69,30.36
45,69.0,0.69,31.049999999999997
46,69.0,0.69,31.74
93,69.0,0.69,64.17
0,69.0,0.69,0.0
77,69.0,0.69,53.129999999999995
0,69.0,0.69,0.0
60,69.0,0.69,41.4
46,69.0,0.69,31.74
0,69.0,0.69,0.0
47,69.0,0.69,32.43
79,69.0,0.69,54.51
0,69.0,0.69,0.0
0,69.0,0.69,0.0
44,69.0,0.69,30.36
44,69.0,0.69,30.36
45,69.0,0.69,31.049999999999997
47,69.0,0.69,32.43
0,69.0,0.69,0.0
51,69.0,0.69,35.19
45,69.0,0.69,31.049999999999997
44,69.0,0.69,30.36
0,69.0,0.69,0.0
46,69.0,0.69,31.74
47,69.0,0.69,32.43
52,69.0,0.69,35.879999999999995
0,69.0,0.69,0.0
93,69.0,0.69,64.17
50,84.0,0.84,42.0
49,84.0,0.84,41.16
96,84.0,0.84,80.64
100,84.0,0.84,84.0
0,84.0,0.84,0.0
0,84.0,0.84,0.0
48,84.0,0.84,40.32
95,84.0,0.84,79.8
73,84.0,0.84,61.32
73,84.0,0.84,61.32
51,84.0,0.84,42.839999999999996
56,84.0,0.84,47.04
54,84.0,0.84,45.36
48,84.0,0.84,40.32
49,84.0,0.84,41.16
98,84.0,0.84,82.32
65,84.0,0.84,54.6
0,84.0,0.84,0.0
0,84.0,0.84,0.0
54,84.0,0.84,45.36
48,84.0,0.84,40.32
96,84.0,0.84,80.64
0,84.0,0.84,0.0
49,84.0,0.84,41.16
0,84.0,0.84,0.0
54,84.0,0.84,45.36
0,84.0,0.84,0.0
90,84.0,0.84,75.6
45,84.0,0.84,37.8
92,84.0,0.84,77.28
41,53.0,0.53,21.73
43,53.0,0.53,22.790000000000003
0,53.0,0.53,0.0
0,53.0,0.53,0.0
0,53.0,0.53,0.0
40,53.0,0.53,21.200000000000003
61,53.0,0.53,32.33
0,53.0,0.53,0.0
0,53.0,0.53,0.0
0,53.0,0.53,0.0
45,53.0,0.53,23.85
40,53.0,0.53,21.200000000000003
54,53.0,0.53,28.62
83,53.0,0.53,43.99
41,53.0,0.53,21.73
44,53.0,0.53,23.32
0,53.0,0.53,0.0
48,53.0,0.53,25.44
42,53.0,0.53,22.26
43,53.0,0.53,22.790000000000003
43,53.0,0.53,22.790000000000003
0,53.0,0.53,0.0
0,53.0,0.53,0.0
0,53.0,0.53,0.0
0,53.0,0.53,0.0
46,53.0,0.53,24.380000000000003
0,53.0,0.53,0.0
0,53.0,0.53,0.0
0,53.0,0.53,0.0
0,53.0,0.53,0.0
100,53.0,0.53,53.0
57,55.0,0.55,31.35
47,55.0,0.55,25.85
0,55.0,0.55,0.0
0,55.0,0.55,0.0
0,55.0,0.55,0.0
71,55.0,0.55,39.050000000000004
0,55.0,0.55,0.0
51,55.0,0.55,28.05
0,55.0,0.55,0.0
44,55.0,0.55,24.200000000000003
43,55.0,0.55,23.650000000000002
67,55.0,0.55,36.85
46,55.0,0.55,25.3
0,55.0,0.55,0.0
49,55.0,0.55,26.950000000000003
0,55.0,0.55,0.0
43,55.0,0.55,23.650000000000002
0,55.0,0.55,0.0
0,55.0,0.55,0.0
45,55.0,0.55,24.750000000000004
100,55.0,0.55,55.00000000000001
48,55.0,0.55,26.400000000000002
44,55.0,0.55,24.200000000000003
44,55.0,0.55,24.200000000000003
44,55.0,0.55,24.200000000000003
44,55.0,0.55,24.200000000000003
46,55.0,0.55,25.3
51,55.0,0.55,28.05
74,55.0,0.55,40.7
0,55.0,0.55,0.0
43,55.0,0.55,23.650000000000002
34,86.0,0.86,29.24
0,86.0,0.86,0.0
0,86.0,0.86,0.0
0,86.0,0.86,0.0
0,86.0,0.86,0.0
34,86.0,0.86,29.24
69,86.0,0.86,59.339999999999996
67,86.0,0.86,57.62
70,86.0,0.86,60.199999999999996
36,86.0,0.86,30.96
40,86.0,0.86,34.4
0,86.0,0.86,0.0
33,86.0,0.86,28.38
35,86.0,0.86,30.099999999999998
0,86.0,0.86,0.0
70,86.0,0.86,60.199999999999996
70,86.0,0.86,60.199999999999996
0,86.0,0.86,0.0
0,86.0,0.86,0.0
34,86.0,0.86,29.24
100,86.0,0.86,86.0
67,86.0,0.86,57.62
35,86.0,0.86,30.099999999999998
36,86.0,0.86,30.96
0,86.0,0.86,0.0
38,86.0,0.86,32.68
32,86.0,0.86,27.52
69,86.0,0.86,59.339999999999996
50,72.0,0.72,36.0
100,72.0,0.72,72.0
0,72.0,0.72,0.0
0,72.0,0.72,0.0
0,72.0,0.72,0.0
25,72.0,0.72,18.0
33,72.0,0.72,23.759999999999998
25,72.0,0.72,18.0
77,72.0,0.72,55.44
27,72.0,0.72,19.439999999999998
29,72.0,0.72,20.88
0,72.0,0.72,0.0
24,72.0,0.72,17.28
25,72.0,0.72,18.0
26,72.0,0.72,18.72
26,72.0,0.72,18.72
27,72.0,0.72,19.439999999999998
30,72.0,0.72,21.599999999999998
0,72.0,0.72,0.0
0,72.0,0.72,0.0
26,72.0,0.72,18.72
0,72.0,0.72,0.0
26,72.0,0.72,18.72
0,72.0,0.72,0.0
0,72.0,0.72,0.0
30,72.0,0.72,21.599999999999998
26,72.0,0.72,18.72
39,72.0,0.72,28.08
26,72.0,0.72,18.72
27,72.0,0.72,19.439999999999998
0,72.0,0.72,0.0
51,59.0,0.59,30.09
0,59.0,0.59,0.0
45,59.0,0.59,26.549999999999997
89,59.0,0.59,52.51
45,59.0,0.59,26.549999999999997
45,59.0,0.59,26.549999999999997
0,59.0,0.59,0.0
0,59.0,0.59,0.0
52,59.0,0.59,30.68
46,59.0,0.59,27.139999999999997
45,59.0,0.59,26.549999999999997
46,59.0,0.59,27.139999999999997
48,59.0,0.59,28.32
100,59.0,0.59,59.0
0,59.0,0.59,0.0
0,59.0,0.59,0.0
46,59.0,0.59,27.139999999999997
44,59.0,0.59,25.959999999999997
73,59.0,0.59,43.07
46,59.0,0.59,27.139999999999997
0,59.0,0.59,0.0
52,59.0,0.59,30.68
76,59.0,0.59,44.839999999999996
44,59.0,0.59,25.959999999999997
45,59.0,0.59,26.549999999999997
44,59.0,0.59,25.959999999999997
0,59.0,0.59,0.0
95,59.0,0.59,56.05
0,59.0,0.59,0.0
0,59.0,0.59,0.0
77,58.0,0.58,44.66
95,58.0,0.58,55.099999999999994
96,58.0,0.58,55.67999999999999
49,58.0,0.58,28.419999999999998
49,58.0,0.58,28.419999999999998
56,58.0,0.58,32.48
55,58.0,0.58,31.9
47,58.0,0.58,27.259999999999998
47,58.0,0.58,27.259999999999998
96,58.0,0.58,55.67999999999999
49,58.0,0.58,28.419999999999998
50,58.0,0.58,28.999999999999996
0,58.0,0.58,0.0
0,58.0,0.58,0.0
51,58.0,0.58,29.58
51,58.0,0.58,29.58
51,58.0,0.58,29.58
77,58.0,0.58,44.66
0,58.0,0.58,0.0
0,58.0,0.58,0.0
59,58.0,0.58,34.22
52,58.0,0.58,30.159999999999997
100,58.0,0.58,57.99999999999999
0,58.0,0.58,0.0
0,58.0,0.58,0.0
0,58.0,0.58,0.0
0,58.0,0.58,0.0
0,58.0,0.58,0.0
54,58.0,0.58,31.319999999999997
50,58.0,0.58,28.999999999999996
0,58.0,0.58,0.0
85,24.0,0.24,20.4
88,24.0,0.24,21.119999999999997
0,24.0,0.24,0.0
0,24.0,0.24,0.0
82,24.0,0.24,19.68
0,24.0,0.24,0.0
80,24.0,0.24,19.2
0,24.0,0.24,0.0
85,24.0,0.24,20.4
0,24.0,0.24,0.0
0,24.0,0.24,0.0
0,24.0,0.24,0.0
0,24.0,0.24,0.0
0,24.0,0.24,0.0
0,24.0,0.24,0.0
0,24.0,0.24,0.0
100,24.0,0.24,24.0
0,24.0,0.24,0.0
0,24.0,0.24,0.0
0,24.0,0.24,0.0
78,24.0,0.24,18.72
80,24.0,0.24,19.2
0,24.0,0.24,0.0
96,24.0,0.24,23.04
0,24.0,0.24,0.0
0,24.0,0.24,0.0
0,24.0,0.24,0.0
0,24.0,0.24,0.0
86,24.0,0.24,20.64
0,24.0,0.24,0.0
0,24.0,0.24,0.0
0,24.0,0.24,0.0
0,24.0,0.24,0.0
0,24.0,0.24,0.0
0,24.0,0.24,0.0
0,24.0,0.24,0.0
0,24.0,0.24,0.0
0,24.0,0.24,0.0
0,24.0,0.24,0.0
0,24.0,0.24,0.0
0,24.0,0.24,0.0
0,24.0,0.24,0.0
82,24.0,0.24,19.68
84,24.0,0.24,20.16
100,24.0,0.24,24.0
0,24.0,0.24,0.0
0,24.0,0.24,0.0
0,24.0,0.24,0.0
86,24.0,0.24,20.64
0,24.0,0.24,0.0
0,24.0,0.24,0.0
0,24.0,0.24,0.0
0,24.0,0.24,0.0
0,24.0,0.24,0.0
83,24.0,0.24,19.919999999999998
80,24.0,0.24,19.2
84,24.0,0.24,20.16
86,24.0,0.24,20.64
0,24.0,0.24,0.0
0,24.0,0.24,0.0
82,24.0,0.24,19.68
68,25.0,0.25,17.0
67,25.0,0.25,16.75
0,25.0,0.25,0.0
73,25.0,0.25,18.25
0,25.0,0.25,0.0
0,25.0,0.25,0.0
99,25.0,0.25,24.75
0,25.0,0.25,0.0
0,25.0,0.25,0.0
0,25.0,0.25,0.0
0,25.0,0.25,0.0
0,25.0,0.25,0.0
81,25.0,0.25,20.25
67,25.0,0.25,16.75
0,25.0,0.25,0.0
67,25.0,0.25,16.75
67,25.0,0.25,16.75
0,25.0,0.25,0.0
0,25.0,0.25,0.0
0,25.0,0.25,0.0
0,25.0,0.25,0.0
66,25.0,0.25,16.5
68,25.0,0.25,17.0
67,25.0,0.25,16.75
73,25.0,0.25,18.25
0,25.0,0.25,0.0
0,25.0,0.25,0.0
100,25.0,0.25,25.0
67,25.0,0.25,16.75
67,25.0,0.25,16.75
0,25.0,0.25,0.0
0,31.0,0.31,0.0
0,31.0,0.31,0.0
51,31.0,0.31,15.81
45,31.0,0.31,13.95
41,31.0,0.31,12.709999999999999
43,31.0,0.31,13.33
0,31.0,0.31,0.0
89,31.0,0.31,27.59
0,31.0,0.31,0.0
0,31.0,0.31,0.0
43,31.0,0.31,13.33
42,31.0,0.31,13.02
42,31.0,0.31,13.02
64,31.0,0.31,19.84
89,31.0,0.31,27.59
0,31.0,0.31,0.0
49,31.0,0.31,15.19
63,31.0,0.31,19.53
42,31.0,0.31,13.02
43,31.0,0.31,13.33
86,31.0,0.31,26.66
0,31.0,0.31,0.0
100,31.0,0.31,31.0
0,31.0,0.31,0.0
63,31.0,0.31,19.53
41,31.0,0.31,12.709999999999999
0,31.0,0.31,0.0
43,31.0,0.31,13.33
0,31.0,0.31,0.0
0,31.0,0.31,0.0
0,52.0,0.52,0.0
40,52.0,0.52,20.8
0,52.0,0.52,0.0
0,52.0,0.52,0.0
40,52.0,0.52,20.8
43,52.0,0.52,22.36
46,52.0,0.52,23.92
0,52.0,0.52,0.0
40,52.0,0.52,20.8
41,52.0,0.52,21.32
40,52.0,0.52,20.8
61,52.0,0.52,31.720000000000002
0,52.0,0.52,0.0
0,52.0,0.52,0.0
0,52.0,0.52,0.0
80,52.0,0.52,41.6
39,52.0,0.52,20.28
40,52.0,0.52,20.8
85,52.0,0.52,44.2
0,52.0,0.52,0.0
0,52.0,0.52,0.0
0,52.0,0.52,0.0
100,52.0,0.52,52.0
0,52.0,0.52,0.0
0,52.0,0.52,0.0
0,52.0,0.52,0.0
42,52.0,0.52,21.84
0,52.0,0.52,0.0
0,52.0,0.52,0.0
39,52.0,0.52,20.28
61,52.0,0.52,31.720000000000002
52,38.0,0.38,19.76
0,38.0,0.38,0.0
52,38.0,0.38,19.76
58,38.0,0.38,22.04
57,38.0,0.38,21.66
49,38.0,0.38,18.62
49,38.0,0.38,18.62
0,38.0,0.38,0.0
100,38.0,0.38,38.0
53,38.0,0.38,20.14
57,38.0,0.38,21.66
56,38.0,0.38,21.28
49,38.0,0.38,18.62
66,38.0,0.38,25.080000000000002
50,38.0,0.38,19.0
75,38.0,0.38,28.5
0,38.0,0.38,0.0
0,38.0,0.38,0.0
56,38.0,0.38,21.28
0,38.0,0.38,0.0
98,38.0,0.38,37.24
50,38.0,0.38,19.0
0,38.0,0.38,0.0
0,38.0,0.38,0.0
57,38.0,0.38,21.66
0,38.0,0.38,0.0
0,38.0,0.38,0.0
49,38.0,0.38,18.62
50,38.0,0.38,19.0
50,38.0,0.38,19.0
0,27.0,0.27,0.0
55,27.0,0.27,14.850000000000001
0,27.0,0.27,0.0
47,27.0,0.27,12.690000000000001
48,27.0,0.27,12.96
48,27.0,0.27,12.96
49,27.0,0.27,13.23
51,27.0,0.27,13.770000000000001
56,27.0,0.27,15.120000000000001
0,27.0,0.27,0.0
0,27.0,0.27,0.0
94,27.0,0.27,25.380000000000003
0,27.0,0.27,0.0
0,27.0,0.27,0.0
0,27.0,0.27,0.0
0,27.0,0.27,0.0
0,27.0,0.27,0.0
49,27.0,0.27,13.23
100,27.0,0.27,27.0
0,27.0,0.27,0.0
0,27.0,0.27,0.0
0,27.0,0.27,0.0
0,27.0,0.27,0.0
0,27.0,0.27,0.0
0,27.0,0.27,0.0
0,27.0,0.27,0.0
0,27.0,0.27,0.0
0,27.0,0.27,0.0
0,27.0,0.27,0.0
57,27.0,0.27,15.39
0,27.0,0.27,0.0
0,41.0,0.41,0.0
0,41.0,0.41,0.0
0,41.0,0.41,0.0
49,41.0,0.41,20.09
0,41.0,0.41,0.0
0,41.0,0.41,0.0
0,41.0,0.41,0.0
62,41.0,0.41,25.419999999999998
32,41.0,0.41,13.12
47,41.0,0.41,19.27
0,41.0,0.41,0.0
100,41.0,0.41,41.0
36,41.0,0.41,14.76
0,41.0,0.41,0.0
0,41.0,0.41,0.0
0,41.0,0.41,0.0
0,41.0,0.41,0.0
31,41.0,0.41,12.709999999999999
66,41.0,0.41,27.06
37,41.0,0.41,15.17
0,41.0,0.41,0.0
0,41.0,0.41,0.0
0,41.0,0.41,0.0
31,41.0,0.41,12.709999999999999
0,41.0,0.41,0.0
33,41.0,0.41,13.53
0,41.0,0.41,0.0
0,41.0,0.41,0.0
61,41.0,0.41,25.009999999999998
61,41.0,0.41,25.009999999999998
32,41.0,0.41,13.12
51,42.0,0.42,21.419999999999998
53,42.0,0.42,22.259999999999998
0,42.0,0.42,0.0
57,42.0,0.42,23.939999999999998
50,42.0,0.42,21.0
0,42.0,0.42,0.0
0,42.0,0.42,0.0
51,42.0,0.42,21.419999999999998
0,42.0,0.42,0.0
58,42.0,0.42,24.36
0,42.0,0.42,0.0
0,42.0,0.42,0.0
51,42.0,0.42,21.419999999999998
51,42.0,0.42,21.419999999999998
0,42.0,0.42,0.0
53,42.0,0.42,22.259999999999998
58,42.0,0.42,24.36
58,42.0,0.42,24.36
51,42.0,0.42,21.419999999999998
100,42.0,0.42,42.0
0,42.0,0.42,0.0
51,42.0,0.42,21.419999999999998
53,42.0,0.42,22.259999999999998
0,42.0,0.42,0.0
56,42.0,0.42,23.52
0,42.0,0.42,0.0
75,42.0,0.42,31.5
50,42.0,0.42,21.0
49,46.0,0.46,22.540000000000003
52,46.0,0.46,23.92
57,46.0,0.46,26.220000000000002
56,46.0,0.46,25.76
49,46.0,0.46,22.540000000000003
74,46.0,0.46,34.04
0,46.0,0.46,0.0
50,46.0,0.46,23.0
0,46.0,0.46,0.0
0,46.0,0.46,0.0
0,46.0,0.46,0.0
49,46.0,0.46,22.540000000000003
0,46.0,0.46,0.0
49,46.0,0.46,22.540000000000003
100,46.0,0.46,46.0
0,46.0,0.46,0.0
0,46.0,0.46,0.0
0,46.0,0.46,0.0
99,46.0,0.46,45.54
83,46.0,0.46,38.18
49,46.0,0.46,22.540000000000003
50,46.0,0.46,23.0
52,46.0,0.46,23.92
0,46.0,0.46,0.0
0,46.0,0.46,0.0
0,46.0,0.46,0.0
0,46.0,0.46,0.0
51,46.0,0.46,23.46
0,46.0,0.46,0.0
0,46.0,0.46,0.0
0,46.0,0.46,0.0
55,66.0,0.66,36.300000000000004
0,66.0,0.66,0.0
0,66.0,0.66,0.0
0,66.0,0.66,0.0
46,66.0,0.66,30.360000000000003
0,66.0,0.66,0.0
0,66.0,0.66,0.0
53,66.0,0.66,34.980000000000004
45,66.0,0.66,29.700000000000003
45,66.0,0.66,29.700000000000003
94,66.0,0.66,62.040000000000006
46,66.0,0.66,30.360000000000003
48,66.0,0.66,31.68
53,66.0,0.66,34.980000000000004
0,66.0,0.66,0.0
47,66.0,0.66,31.020000000000003
90,66.0,0.66,59.400000000000006
92,66.0,0.66,60.720000000000006
47,66.0,0.66,31.020000000000003
100,66.0,0.66,66.0
0,66.0,0.66,0.0
53,66.0,0.66,34.980000000000004
61,66.0,0.66,40.260000000000005
76,66.0,0.66,50.160000000000004
91,66.0,0.66,60.06
46,66.0,0.66,30.360000000000003
98,66.0,0.66,64.68
56,66.0,0.66,36.96
72,66.0,0.66,47.52
70,66.0,0.66,46.2
0,41.0,0.41,0.0
0,41.0,0.41,0.0
0,41.0,0.41,0.0
52,41.0,0.41,21.32
57,41.0,0.41,23.369999999999997
58,41.0,0.41,23.779999999999998
50,41.0,0.41,20.5
49,41.0,0.41,20.09
48,41.0,0.41,19.68
100,41.0,0.41,41.0
50,41.0,0.41,20.5
0,41.0,0.41,0.0
0,41.0,0.41,0.0
48,41.0,0.41,19.68
0,41.0,0.41,0.0
48,41.0,0.41,19.68
0,41.0,0.41,0.0
0,41.0,0.41,0.0
0,41.0,0.41,0.0
0,41.0,0.41,0.0
76,41.0,0.41,31.159999999999997
48,41.0,0.41,19.68
99,41.0,0.41,40.589999999999996
51,41.0,0.41,20.91
0,41.0,0.41,0.0
0,41.0,0.41,0.0
0,41.0,0.41,0.0
52,41.0,0.41,21.32
0,41.0,0.41,0.0
0,41.0,0.41,0.0
76,41.0,0.41,31.159999999999997
0,35.0,0.35,0.0
60,35.0,0.35,21.0
59,35.0,0.35,20.65
51,35.0,0.35,17.849999999999998
0,35.0,0.35,0.0
51,35.0,0.35,17.849999999999998
50,35.0,0.35,17.5
0,35.0,0.35,0.0
59,35.0,0.35,20.65
0,35.0,0.35,0.0
49,35.0,0.35,17.15
94,35.0,0.35,32.9
47,35.0,0.35,16.45
50,35.0,0.35,17.5
0,35.0,0.35,0.0
59,35.0,0.35,20.65
0,35.0,0.35,0.0
50,35.0,0.35,17.5
100,35.0,0.35,35.0
51,35.0,0.35,17.849999999999998
0,35.0,0.35,0.0
53,35.0,0.35,18.549999999999997
59,35.0,0.35,20.65
0,35.0,0.35,0.0
0,35.0,0.35,0.0
0,35.0,0.35,0.0
50,35.0,0.35,17.5
51,35.0,0.35,17.849999999999998
0,35.0,0.35,0.0
0,35.0,0.35,0.0
0,25.0,0.25,0.0
0,25.0,0.25,0.0
46,25.0,0.25,11.5
0,25.0,0.25,0.0
0,25.0,0.25,0.0
0,25.0,0.25,0.0
0,25.0,0.25,0.0
0,25.0,0.25,0.0
0,25.0,0.25,0.0
0,25.0,0.25,0.0
44,25.0,0.25,11.0
49,25.0,0.25,12.25
100,25.0,0.25,25.0
0,25.0,0.25,0.0
0,25.0,0.25,0.0
96,25.0,0.25,24.0
0,25.0,0.25,0.0
48,25.0,0.25,12.0
0,25.0,0.25,0.0
0,25.0,0.25,0.0
0,25.0,0.25,0.0
56,25.0,0.25,14.0
0,25.0,0.25,0.0
46,25.0,0.25,11.5
48,25.0,0.25,12.0
0,25.0,0.25,0.0
48,25.0,0.25,12.0
0,25.0,0.25,0.0
55,25.0,0.25,13.75
0,25.0,0.25,0.0
0,25.0,0.25,0.0
64,23.0,0.23,14.72
0,23.0,0.23,0.0
0,23.0,0.23,0.0
74,23.0,0.23,17.02
0,23.0,0.23,0.0
0,23.0,0.23,0.0
0,23.0,0.23,0.0
63,23.0,0.23,14.49
64,23.0,0.23,14.72
66,23.0,0.23,15.180000000000001
0,23.0,0.23,0.0
0,23.0,0.23,0.0
0,23.0,0.23,0.0
0,23.0,0.23,0.0
67,23.0,0.23,15.41
65,23.0,0.23,14.950000000000001
65,23.0,0.23,14.950000000000001
0,23.0,0.23,0.0
0,23.0,0.23,0.0
69,23.0,0.23,15.870000000000001
65,23.0,0.23,14.950000000000001
68,23.0,0.23,15.64
100,23.0,0.23,23.0
0,23.0,0.23,0.0
0,23.0,0.23,0.0
77,23.0,0.23,17.71
0,23.0,0.23,0.0
63,23.0,0.23,14.49
65,23.0,0.23,14.950000000000001
0,23.0,0.23,0.0
67,23.0,0.23,15.41
0,67.0,0.67,0.0
51,67.0,0.67,34.17
44,67.0,0.67,29.48
0,67.0,0.67,0.0
43,67.0,0.67,28.810000000000002
44,67.0,0.67,29.48
47,67.0,0.67,31.490000000000002
0,67.0,0.67,0.0
0,67.0,0.67,0.0
71,67.0,0.67,47.57
0,67.0,0.67,0.0
0,67.0,0.67,0.0
66,67.0,0.67,44.220000000000006
0,67.0,0.67,0.0
0,67.0,0.67,0.0
0,67.0,0.67,0.0
43,67.0,0.67,28.810000000000002
42,67.0,0.67,28.14
58,67.0,0.67,38.86
44,67.0,0.67,29.48
69,67.0,0.67,46.230000000000004
50,67.0,0.67,33.5
49,67.0,0.67,32.830000000000005
43,67.0,0.67,28.810000000000002
0,67.0,0.67,0.0
43,67.0,0.67,28.810000000000002
43,67.0,0.67,28.810000000000002
89,67.0,0.67,59.63
100,67.0,0.67,67.0
49,67.0,0.67,32.830000000000005
65,33.0,0.33,21.45
32,33.0,0.33,10.56
33,33.0,0.33,10.89
32,33.0,0.33,10.56
68,33.0,0.33,22.44
37,33.0,0.33,12.21
36,33.0,0.33,11.88
33,33.0,0.33,10.89
0,33.0,0.33,0.0
33,33.0,0.33,10.89
0,33.0,0.33,0.0
0,33.0,0.33,0.0
38,33.0,0.33,12.540000000000001
38,33.0,0.33,12.540000000000001
0,33.0,0.33,0.0
66,33.0,0.33,21.78
33,33.0,0.33,10.89
34,33.0,0.33,11.22
0,33.0,0.33,0.0
0,33.0,0.33,0.0
0,33.0,0.33,0.0
33,33.0,0.33,10.89
0,33.0,0.33,0.0
0,33.0,0.33,0.0
33,33.0,0.33,10.89
34,33.0,0.33,11.22
37,33.0,0.33,12.21
37,33.0,0.33,12.21
0,33.0,0.33,0.0
0,33.0,0.33,0.0
100,33.0,0.33,33.0
36,68.0,0.68,24.48
37,68.0,0.68,25.16
0,68.0,0.68,0.0
37,68.0,0.68,25.16
32,68.0,0.68,21.76
34,68.0,0.68,23.12
50,68.0,0.68,34.0
0,68.0,0.68,0.0
0,68.0,0.68,0.0
77,68.0,0.68,52.36000000000001
37,68.0,0.68,25.16
33,68.0,0.68,22.44
0,68.0,0.68,0.0
67,68.0,0.68,45.56
34,68.0,0.68,23.12
35,68.0,0.68,23.8
40,68.0,0.68,27.200000000000003
39,68.0,0.68,26.520000000000003
34,68.0,0.68,23.12
66,68.0,0.68,44.88
35,68.0,0.68,23.8
36,68.0,0.68,24.48
35,68.0,0.68,23.8
0,68.0,0.68,0.0
38,68.0,0.68,25.840000000000003
0,68.0,0.68,0.0
33,68.0,0.68,22.44
34,68.0,0.68,23.12
100,68.0,0.68,68.0
35,68.0,0.68,23.8
50,46.0,0.46,23.0
50,46.0,0.46,23.0
44,46.0,0.46,20.240000000000002
89,46.0,0.46,40.940000000000005
43,46.0,0.46,19.78
45,46.0,0.46,20.7
46,46.0,0.46,21.16
0,46.0,0.46,0.0
100,46.0,0.46,46.0
0,46.0,0.46,0.0
0,46.0,0.46,0.0
45,46.0,0.46,20.7
0,46.0,0.46,0.0
0,46.0,0.46,0.0
0,46.0,0.46,0.0
0,46.0,0.46,0.0
0,46.0,0.46,0.0
0,46.0,0.46,0.0
0,46.0,0.46,0.0
47,46.0,0.46,21.62
0,46.0,0.46,0.0
0,46.0,0.46,0.0
54,46.0,0.46,24.84
0,46.0,0.46,0.0
57,46.0,0.46,26.220000000000002
0,46.0,0.46,0.0
0,46.0,0.46,0.0
0,46.0,0.46,0.0
52,46.0,0.46,23.92
0,46.0,0.46,0.0
52,46.0,0.46,23.92
31,54.0,0.54,16.740000000000002
27,54.0,0.54,14.580000000000002
26,54.0,0.54,14.040000000000001
28,54.0,0.54,15.120000000000001
0,54.0,0.54,0.0
29,54.0,0.54,15.66
0,54.0,0.54,0.0
26,54.0,0.54,14.040000000000001
51,54.0,0.54,27.540000000000003
51,54.0,0.54,27.540000000000003
39,54.0,0.54,21.060000000000002
59,54.0,0.54,31.860000000000003
28,54.0,0.54,15.120000000000001
25,54.0,0.54,13.5
100,54.0,0.54,54.0
26,54.0,0.54,14.040000000000001
26,54.0,0.54,14.040000000000001
27,54.0,0.54,14.580000000000002
28,54.0,0.54,15.120000000000001
27,54.0,0.54,14.580000000000002
25,54.0,0.54,13.5
0,54.0,0.54,0.0
24,54.0,0.54,12.96
26,54.0,0.54,14.040000000000001
26,54.0,0.54,14.040000000000001
0,54.0,0.54,0.0
28,54.0,0.54,15.120000000000001
49,54.0,0.54,26.46
26,54.0,0.54,14.040000000000001
0,54.0,0.54,0.0
25,54.0,0.54,13.5
0,58.0,0.58,0.0
0,58.0,0.58,0.0
0,58.0,0.58,0.0
33,58.0,0.58,19.139999999999997
33,58.0,0.58,19.139999999999997
33,58.0,0.58,19.139999999999997
100,58.0,0.58,57.99999999999999
0,58.0,0.58,0.0
0,58.0,0.58,0.0
0,58.0,0.58,0.0
33,58.0,0.58,19.139999999999997
0,58.0,0.58,0.0
33,58.0,0.58,19.139999999999997
0,58.0,0.58,0.0
35,58.0,0.58,20.299999999999997
38,58.0,0.58,22.04
0,58.0,0.58,0.0
0,58.0,0.58,0.0
32,58.0,0.58,18.56
0,58.0,0.58,0.0
33,58.0,0.58,19.139999999999997
34,58.0,0.58,19.72
38,58.0,0.58,22.04
37,58.0,0.58,21.459999999999997
32,58.0,0.58,18.56
33,58.0,0.58,19.139999999999997
47,58.0,0.58,27.259999999999998
50,58.0,0.58,28.999999999999996
59,72.0,0.72,42.48
0,72.0,0.72,0.0
0,72.0,0.72,0.0
48,72.0,0.72,34.56
44,72.0,0.72,31.68
58,72.0,0.72,41.76
59,72.0,0.72,42.48
30,72.0,0.72,21.599999999999998
33,72.0,0.72,23.759999999999998
32,72.0,0.72,23.04
100,72.0,0.72,72.0
28,72.0,0.72,20.16
0,72.0,0.72,0.0
29,72.0,0.72,20.88
0,72.0,0.72,0.0
34,72.0,0.72,24.48
0,72.0,0.72,0.0
29,72.0,0.72,20.88
28,72.0,0.72,20.16
29,72.0,0.72,20.88
30,72.0,0.72,21.599999999999998
30,72.0,0.72,21.599999999999998
0,72.0,0.72,0.0
0,72.0,0.72,0.0
43,72.0,0.72,30.959999999999997
29,72.0,0.72,20.88
0,72.0,0.72,0.0
30,72.0,0.72,21.599999999999998
31,72.0,0.72,22.32
0,72.0,0.72,0.0
0,72.0,0.72,0.0
0,32.0,0.32,0.0
0,32.0,0.32,0.0
83,32.0,0.32,26.560000000000002
41,32.0,0.32,13.120000000000001
41,32.0,0.32,13.120000000000001
0,32.0,0.32,0.0
45,32.0,0.32,14.4
41,32.0,0.32,13.120000000000001
53,32.0,0.32,16.96
59,32.0,0.32,18.88
41,32.0,0.32,13.120000000000001
43,32.0,0.32,13.76
0,32.0,0.32,0.0
0,32.0,0.32,0.0
40,32.0,0.32,12.8
0,32.0,0.32,0.0
43,32.0,0.32,13.76
0,32.0,0.32,0.0
0,32.0,0.32,0.0
48,32.0,0.32,15.36
100,32.0,0.32,32.0
45,32.0,0.32,14.4
42,32.0,0.32,13.44
0,32.0,0.32,0.0
41,32.0,0.32,13.120000000000001
41,32.0,0.32,13.120000000000001
45,32.0,0.32,14.4
0,32.0,0.32,0.0
0,32.0,0.32,0.0
0,32.0,0.32,0.0
43,49.0,0.49,21.07
80,49.0,0.49,39.2
43,49.0,0.49,21.07
46,49.0,0.49,22.54
46,49.0,0.49,22.54
54,49.0,0.49,26.46
61,49.0,0.49,29.89
40,49.0,0.49,19.6
100,49.0,0.49,49.0
0,49.0,0.49,0.0
48,49.0,0.49,23.52
48,49.0,0.49,23.52
0,49.0,0.49,0.0
41,49.0,0.49,20.09
61,49.0,0.49,29.89
0,49.0,0.49,0.0
42,49.0,0.49,20.58
47,49.0,0.49,23.03
46,49.0,0.49,22.54
40,49.0,0.49,19.6
0,49.0,0.49,0.0
61,49.0,0.49,29.89
0,49.0,0.49,0.0
0,49.0,0.49,0.0
69,49.0,0.49,33.81
0,49.0,0.49,0.0
42,49.0,0.49,20.58
40,49.0,0.49,19.6
0,49.0,0.49,0.0
0,49.0,0.49,0.0
42,49.0,0.49,20.58
0,21.0,0.21,0.0
55,21.0,0.21,11.549999999999999
47,21.0,0.21,9.87
73,21.0,0.21,15.33
49,21.0,0.21,10.29
48,21.0,0.21,10.08
100,21.0,0.21,21.0
0,21.0,0.21,0.0
83,21.0,0.21,17.43
0,21.0,0.21,0.0
0,21.0,0.21,0.0
0,21.0,0.21,0.0
48,21.0,0.21,10.08
51,21.0,0.21,10.709999999999999
0,21.0,0.21,0.0
0,21.0,0.21,0.0
0,21.0,0.21,0.0
0,21.0,0.21,0.0
47,21.0,0.21,9.87
49,21.0,0.21,10.29
52,21.0,0.21,10.92
0,21.0,0.21,0.0
0,21.0,0.21,0.0
0,21.0,0.21,0.0
0,21.0,0.21,0.0
47,21.0,0.21,9.87
47,21.0,0.21,9.87
52,21.0,0.21,10.92
0,21.0,0.21,0.0
85,21.0,0.21,17.849999999999998
0,21.0,0.21,0.0
0,21.0,0.21,0.0
0,21.0,0.21,0.0
0,21.0,0.21,0.0
0,21.0,0.21,0.0
75,21.0,0.21,15.75
100,21.0,0.21,21.0
42,21.0,0.21,8.82
44,21.0,0.21,9.24
0,21.0,0.21,0.0
0,21.0,0.21,0.0
0,21.0,0.21,0.0
51,21.0,0.21,10.709999999999999
0,21.0,0.21,0.0
0,21.0,0.21,0.0
42,21.0,0.21,8.82
89,21.0,0.21,18.689999999999998
46,21.0,0.21,9.66
45,21.0,0.21,9.45
0,21.0,0.21,0.0
50,21.0,0.21,10.5
0,21.0,0.21,0.0
0,21.0,0.21,0.0
87,21.0,0.21,18.27
44,21.0,0.21,9.24
0,21.0,0.21,0.0
0,21.0,0.21,0.0
49,21.0,0.21,10.29
0,21.0,0.21,0.0
44,21.0,0.21,9.24
0,21.0,0.21,0.0
52,56.0,0.56,29.120000000000005
0,56.0,0.56,0.0
0,56.0,0.56,0.0
0,56.0,0.56,0.0
0,56.0,0.56,0.0
51,56.0,0.56,28.560000000000002
0,56.0,0.56,0.0
0,56.0,0.56,0.0
53,56.0,0.56,29.680000000000003
58,56.0,0.56,32.480000000000004
0,56.0,0.56,0.0
0,56.0,0.56,0.0
0,56.0,0.56,0.0
48,56.0,0.56,26.880000000000003
52,56.0,0.56,29.120000000000005
53,56.0,0.56,29.680000000000003
0,56.0,0.56,0.0
58,56.0,0.56,32.480000000000004
0,56.0,0.56,0.0
49,56.0,0.56,27.44
0,56.0,0.56,0.0
100,56.0,0.56,56.00000000000001
52,56.0,0.56,29.120000000000005
57,56.0,0.56,31.92
0,56.0,0.56,0.0
50,56.0,0.56,28.000000000000004
0,56.0,0.56,0.0
49,56.0,0.56,27.44
0,56.0,0.56,0.0
75,56.0,0.56,42.00000000000001
55,56.0,0.56,30.800000000000004
59,45.0,0.45,26.55
54,45.0,0.45,24.3
0,45.0,0.45,0.0
0,45.0,0.45,0.0
51,45.0,0.45,22.95
51,45.0,0.45,22.95
57,45.0,0.45,25.650000000000002
58,45.0,0.45,26.1
100,45.0,0.45,45.0
0,45.0,0.45,0.0
75,45.0,0.45,33.75
52,45.0,0.45,23.400000000000002
52,45.0,0.45,23.400000000000002
59,45.0,0.45,26.55
57,45.0,0.45,25.650000000000002
49,45.0,0.45,22.05
0,45.0,0.45,0.0
99,45.0,0.45,44.550000000000004
0,45.0,0.45,0.0
52,45.0,0.45,23.400000000000002
59,45.0,0.45,26.55
56,45.0,0.45,25.2
49,45.0,0.45,22.05
49,45.0,0.45,22.05
48,45.0,0.45,21.6
100,45.0,0.45,45.0
51,45.0,0.45,22.95
59,45.0,0.45,26.55
0,45.0,0.45,0.0
49,45.0,0.45,22.05
67,48.0,0.48,32.16
33,48.0,0.48,15.84
34,48.0,0.48,16.32
0,48.0,0.48,0.0
39,48.0,0.48,18.72
0,48.0,0.48,0.0
0,48.0,0.48,0.0
68,48.0,0.48,32.64
34,48.0,0.48,16.32
0,48.0,0.48,0.0
0,48.0,0.48,0.0
0,48.0,0.48,0.0
0,48.0,0.48,0.0
33,48.0,0.48,15.84
0,48.0,0.48,0.0
33,48.0,0.48,15.84
0,48.0,0.48,0.0
0,48.0,0.48,0.0
38,48.0,0.48,18.24
38,48.0,0.48,18.24
0,48.0,0.48,0.0
64,48.0,0.48,30.72
33,48.0,0.48,15.84
100,48.0,0.48,48.0
0,48.0,0.48,0.0
0,48.0,0.48,0.0
0,48.0,0.48,0.0
33,48.0,0.48,15.84
33,48.0,0.48,15.84
33,48.0,0.48,15.84
34,48.0,0.48,16.32
43,57.0,0.57,24.509999999999998
91,57.0,0.57,51.87
44,57.0,0.57,25.08
40,57.0,0.57,22.799999999999997
39,57.0,0.57,22.229999999999997
39,57.0,0.57,22.229999999999997
40,57.0,0.57,22.799999999999997
41,57.0,0.57,23.369999999999997
45,57.0,0.57,25.65
44,57.0,0.57,25.08
0,57.0,0.57,0.0
39,57.0,0.57,22.229999999999997
0,57.0,0.57,0.0
0,57.0,0.57,0.0
41,57.0,0.57,23.369999999999997
89,57.0,0.57,50.73
46,57.0,0.57,26.22
78,57.0,0.57,44.459999999999994
39,57.0,0.57,22.229999999999997
100,57.0,0.57,56.99999999999999
41,57.0,0.57,23.369999999999997
42,57.0,0.57,23.939999999999998
0,57.0,0.57,0.0
0,57.0,0.57,0.0
39,57.0,0.57,22.229999999999997
80,57.0,0.57,45.599999999999994
53,57.0,0.57,30.209999999999997
41,57.0,0.57,23.369999999999997
40,57.0,0.57,22.799999999999997
0,57.0,0.57,0.0
