,round_epochs,loss,mean_squared_error,val_loss,val_mean_squared_error,batch_size,dropout,epochs,losses,lr,optimizer
0,400,0.00014929744392748546,0.00014929744065739214,0.001352197490632534,0.001352197490632534,300,0,400,mse,0.01009,<class 'tensorflow.python.keras.optimizer_v2.adam.Adam'>
1,300,0.00029990760991454457,0.00029990760958753526,0.001399726141244173,0.001399726141244173,300,0,300,mse,0.0001,<class 'tensorflow.python.keras.optimizer_v2.adam.Adam'>
2,300,0.00016044097392704714,0.00016044097719714046,0.0007222290732897818,0.0007222290732897818,600,0,300,mse,0.02008,<class 'tensorflow.python.keras.optimizer_v2.adam.Adam'>
3,300,0.255504792884048,0.2555047869682312,0.809208333492279,0.809208333492279,800,0,300,mse,0.040060000000000005,<class 'tensorflow.python.keras.optimizer_v2.adam.Adam'>
4,400,0.25550478495908585,0.2555047869682312,0.809208333492279,0.809208333492279,300,0,400,mse,0.09001,<class 'tensorflow.python.keras.optimizer_v2.adam.Adam'>
5,300,0.25550479433509743,0.2555047869682312,0.809208333492279,0.809208333492279,800,0,300,mse,0.07003000000000001,<class 'tensorflow.python.keras.optimizer_v2.adam.Adam'>
6,500,0.00011765701100138654,0.00011765701492549852,0.0030987076461315155,0.0030987076461315155,300,0,500,mse,0.01009,<class 'tensorflow.python.keras.optimizer_v2.adam.Adam'>
7,400,0.25550479109814106,0.2555047869682312,0.809208333492279,0.809208333492279,500,0,400,mse,0.08002000000000001,<class 'tensorflow.python.keras.optimizer_v2.adam.Adam'>
8,500,0.2555047963442427,0.2555047869682312,0.809208333492279,0.809208333492279,300,0,500,mse,0.07003000000000001,<class 'tensorflow.python.keras.optimizer_v2.adam.Adam'>
9,400,0.0026825172626082036,0.002682517282664776,0.12762920558452606,0.12762920558452606,500,0,400,mse,0.040060000000000005,<class 'tensorflow.python.keras.optimizer_v2.adam.Adam'>
10,400,0.0003547740430694966,0.0003547740343492478,0.0015765917487442493,0.0015765917487442493,800,0,400,mse,0.0001,<class 'tensorflow.python.keras.optimizer_v2.adam.Adam'>
11,500,0.00014219515350226956,0.00014219514559954405,0.0009594102157279849,0.0009594102157279849,800,0,500,mse,0.02008,<class 'tensorflow.python.keras.optimizer_v2.adam.Adam'>
