,round_epochs,loss,mean_squared_error,val_loss,val_mean_squared_error,batch_size,dropout,epochs,losses,lr,optimizer
0,300,0.00013922840151464922,0.0001392284029861912,0.0007088736747391522,0.0007088736747391522,500,0,300,mse,0.02008,<class 'tensorflow.python.keras.optimizer_v2.adam.Adam'>
1,300,0.00011982712086965069,0.00011982712749158964,0.001241081627085805,0.001241081627085805,300,0,300,mse,0.02008,<class 'tensorflow.python.keras.optimizer_v2.adam.Adam'>
2,400,0.25550478010365135,0.2555047869682312,0.809208333492279,0.809208333492279,300,0,400,mse,0.030070000000000003,<class 'tensorflow.python.keras.optimizer_v2.adam.Adam'>
3,500,0.00011181965011301928,0.00011181965237483382,0.0014097339008003473,0.0014097339008003473,500,0,500,mse,0.02008,<class 'tensorflow.python.keras.optimizer_v2.adam.Adam'>
4,300,0.2555047869682312,0.2555047869682312,0.809208333492279,0.809208333492279,300,0,300,mse,0.040060000000000005,<class 'tensorflow.python.keras.optimizer_v2.adam.Adam'>
5,500,0.2555047710066877,0.2555047869682312,0.809208333492279,0.809208333492279,800,0,500,mse,0.09001,<class 'tensorflow.python.keras.optimizer_v2.adam.Adam'>
6,400,0.2555047752482168,0.2555047869682312,0.809208333492279,0.809208333492279,300,0,400,mse,0.07003000000000001,<class 'tensorflow.python.keras.optimizer_v2.adam.Adam'>
7,400,0.10622165553020628,0.10622165352106094,0.1055864542722702,0.1055864542722702,500,0,400,mse,0.050050000000000004,<class 'tensorflow.python.keras.optimizer_v2.adam.Adam'>
8,500,0.0009147278150920285,0.0009147278033196926,0.0024833132047206163,0.0024833132047206163,800,0,500,mse,0.07003000000000001,<class 'tensorflow.python.keras.optimizer_v2.adam.Adam'>
9,500,0.25550477078344935,0.2555047869682312,0.809208333492279,0.809208333492279,800,0,500,mse,0.08002000000000001,<class 'tensorflow.python.keras.optimizer_v2.adam.Adam'>
10,500,0.25550479400023984,0.2555047869682312,0.809208333492279,0.809208333492279,600,0,500,mse,0.040060000000000005,<class 'tensorflow.python.keras.optimizer_v2.adam.Adam'>
11,400,0.2555047806059377,0.2555047869682312,0.809208333492279,0.809208333492279,600,0,400,mse,0.040060000000000005,<class 'tensorflow.python.keras.optimizer_v2.adam.Adam'>
